tig00000008	CP018130.1	99.879	24860	0	27	1	24837	27075	51927	0.0	45714
tig00000008	CP014535.1	99.879	24860	0	27	1	24837	18141	42993	0.0	45714
tig00000008	AB206333.1	99.833	11371	0	17	1	11354	19378	30746	0.0	20875
tig00000008	AB206333.1	99.842	10747	5	11	14098	24837	30741	41482	0.0	19741
tig00000008	CP019972.1	99.824	11371	1	17	1	11354	11589	22957	0.0	20870
tig00000008	CP019972.1	99.882	6807	0	7	14098	20899	22952	29755	0.0	12519
tig00000008	CP019972.1	99.921	3821	0	3	21019	24837	49402	53221	0.0	7036
tig00000008	LR135341.1	99.815	11371	2	17	1	11354	22263	33631	0.0	20864
tig00000008	LR135341.1	99.795	10747	10	11	14098	24837	33626	44367	0.0	19714
tig00000008	LR135299.1	99.815	11371	2	17	1	11354	50225	38857	0.0	20864
tig00000008	LR135299.1	99.879	10747	1	11	14098	24837	38862	28121	0.0	19763
tig00000008	LR135420.1	99.815	11371	2	17	1	11354	72008	83376	0.0	20864
tig00000008	LR135420.1	99.868	6807	1	7	14098	20899	83371	90174	0.0	12514
tig00000008	LR135420.1	99.797	3940	4	4	20900	24837	26080	30017	0.0	7228
tig00000008	LR135420.1	95.349	86	4	0	14012	14097	25989	26074	8.93e-26	137
tig00000008	LR135420.1	95.349	86	4	0	14012	14097	92827	92912	8.93e-26	137
tig00000008	CP059758.1	99.807	11371	3	17	1	11354	16099	27467	0.0	20859
tig00000008	CP059758.1	99.133	6808	50	8	14098	20899	27462	34266	0.0	12237
tig00000008	CP059758.1	98.579	3940	51	5	20900	24837	37010	40946	0.0	6961
tig00000008	CP059758.1	95.349	86	4	0	14012	14097	36919	37004	8.93e-26	137
tig00000008	CP059758.1	100.000	30	0	0	16697	16726	54033	54004	0.26	56.5
tig00000008	CP094232.1	99.798	11371	2	18	1	11354	4928	16294	0.0	20851
tig00000008	CP094232.1	99.209	6825	26	17	14098	20899	16289	23108	0.0	12279
tig00000008	CP094232.1	99.848	3940	2	4	20900	24837	24480	28417	0.0	7239
tig00000008	CP094232.1	95.349	86	4	0	14012	14097	24389	24474	8.93e-26	137
tig00000008	MT022086.1	99.789	11371	4	18	1	11354	49291	60658	0.0	20847
tig00000008	MT022086.1	99.121	6827	25	24	14098	20899	60653	67469	0.0	12242
tig00000008	MT022086.1	99.873	3940	1	4	20900	24837	69376	73313	0.0	7245
tig00000008	MT022086.1	95.349	86	4	0	14012	14097	69285	69370	8.93e-26	137
tig00000008	CP014451.1	99.806	11363	1	19	1	11346	52334	63692	0.0	20842
tig00000008	CP014451.1	99.879	10747	0	12	14098	24837	51	10791	0.0	19762
tig00000008	CP014451.1	100.000	56	0	0	11299	11354	1	56	9.06e-16	104
tig00000008	CP085909.1	99.771	11371	6	18	1	11354	54660	43293	0.0	20836
tig00000008	CP085909.1	99.223	6825	25	17	14098	20899	43298	36479	0.0	12285
tig00000008	CP085909.1	99.873	3940	1	4	20900	24837	34572	30635	0.0	7245
tig00000008	CP085909.1	93.478	92	6	0	14012	14103	34663	34572	8.93e-26	137
tig00000008	CP085897.1	99.771	11371	6	18	1	11354	17359	28726	0.0	20836
tig00000008	CP085897.1	99.223	6825	25	17	14098	20899	28721	35540	0.0	12285
tig00000008	CP085897.1	99.873	3940	1	4	20900	24837	37447	41384	0.0	7245
tig00000008	CP085897.1	95.349	86	4	0	14012	14097	37356	37441	8.93e-26	137
tig00000008	AP026576.1	99.350	11388	21	29	1	11354	49152	37784	0.0	20570
tig00000008	AP026576.1	99.647	10759	2	17	14098	24837	37789	27048	0.0	19625
tig00000008	AP026569.1	98.739	11421	24	38	1	11354	31623	42990	0.0	20183
tig00000008	AP026569.1	98.445	10804	41	31	14098	24837	42985	53725	0.0	18903
tig00000008	AP026569.1	98.529	68	1	0	400	467	32117	32184	8.99e-21	121
tig00000008	AB183714.1	98.109	11372	194	19	1	11354	8691	20059	0.0	19789
tig00000008	AB183714.1	97.896	7508	143	14	17338	24837	23400	30900	0.0	12975
tig00000008	AB183714.1	98.895	3529	38	1	14098	17625	20054	23582	0.0	6300
tig00000008	AB183714.1	79.433	282	51	5	17241	17520	23411	23687	1.88e-42	193
tig00000008	CP064446.1	99.838	10505	0	15	866	11354	21633	11130	0.0	19289
tig00000008	CP064446.1	99.882	6807	0	7	14098	20899	11135	4332	0.0	12519
tig00000008	CP064446.1	99.957	2351	0	1	22487	24837	66916	64567	0.0	4335
tig00000008	CP064446.1	99.811	1589	0	3	20900	22486	1588	1	0.0	2915
tig00000008	CP064446.1	99.772	876	0	2	1	875	24706	23832	0.0	1605
tig00000008	CP064446.1	93.478	92	6	0	14012	14103	1679	1588	8.93e-26	137
tig00000008	CP066639.1	99.838	10505	0	15	866	11354	13043	23546	0.0	19289
tig00000008	CP066639.1	99.882	6807	0	7	14098	20899	23541	30344	0.0	12519
tig00000008	CP066639.1	99.898	3940	0	4	20900	24837	33088	37025	0.0	7251
tig00000008	CP066639.1	99.772	876	0	2	1	875	9970	10844	0.0	1605
tig00000008	CP066639.1	95.349	86	4	0	14012	14097	32997	33082	8.93e-26	137
tig00000008	CP066403.1	99.838	10505	0	15	866	11354	42368	31865	0.0	19289
tig00000008	CP066403.1	99.882	6807	0	7	14098	20899	31870	25067	0.0	12519
tig00000008	CP066403.1	99.898	3940	0	4	20900	24837	22323	18386	0.0	7251
tig00000008	CP066403.1	99.772	876	0	2	1	875	45441	44567	0.0	1605
tig00000008	CP066403.1	93.478	92	6	0	14012	14103	22414	22323	8.93e-26	137
tig00000008	CP066436.1	99.838	10505	0	15	866	11354	23210	12707	0.0	19289
tig00000008	CP066436.1	99.868	6807	1	7	14098	20899	12712	5909	0.0	12514
tig00000008	CP066436.1	99.905	3166	0	3	20900	24063	3165	1	0.0	5827
tig00000008	CP066436.1	99.772	876	0	2	1	875	26283	25409	0.0	1605
tig00000008	CP066436.1	99.871	774	0	1	24064	24837	65409	64637	0.0	1423
tig00000008	CP066436.1	93.478	92	6	0	14012	14103	3256	3165	8.93e-26	137
tig00000008	CP064426.1	99.829	10505	1	15	866	11354	51519	62022	0.0	19283
tig00000008	CP064426.1	99.898	3940	0	4	20900	24837	6155	10092	0.0	7251
tig00000008	CP064426.1	99.795	3414	0	6	17490	20899	1	3411	0.0	6259
tig00000008	CP064426.1	99.971	3393	0	1	14098	17489	62017	65409	0.0	6259
tig00000008	CP064426.1	99.772	876	0	2	1	875	48446	49320	0.0	1605
tig00000008	CP064426.1	95.349	86	4	0	14012	14097	6064	6149	8.93e-26	137
tig00000008	CP027515.1	97.308	11368	285	19	5	11354	4895	16259	0.0	19278
tig00000008	CP027515.1	99.028	7507	61	11	17338	24837	19600	27101	0.0	13448
tig00000008	CP027515.1	99.490	3529	17	1	14098	17625	16254	19782	0.0	6416
tig00000008	KY290886.1	97.299	11368	286	19	5	11354	48030	59394	0.0	19272
tig00000008	KY290886.1	99.054	7507	59	11	17338	24837	62735	70236	0.0	13459
tig00000008	KY290886.1	99.405	3529	20	1	14098	17625	59389	62917	0.0	6399
tig00000008	CP041255.1	96.604	10749	349	15	14098	24837	50504	39763	0.0	17813
tig00000008	CP041255.1	94.285	8416	454	23	5	8401	8408	1	0.0	12851
tig00000008	CP041255.1	95.193	2954	136	4	8402	11354	53447	50499	0.0	4663
tig00000008	CP041255.1	100.000	32	0	0	16742	16773	27050	27019	0.020	60.2
tig00000008	LC569722.1	94.476	11386	580	31	5	11354	25862	37234	0.0	17496
tig00000008	LC569722.1	95.618	10749	456	15	14098	24837	37229	47971	0.0	17226
tig00000008	LC569722.1	85.246	183	27	0	17338	17520	40575	40757	2.43e-41	189
tig00000008	LC569722.1	88.525	61	7	0	17241	17301	40586	40646	7.10e-07	75.0
tig00000008	CP063551.1	99.838	9282	2	11	2086	11354	17252	7971	0.0	17045
tig00000008	CP063551.1	99.133	6808	50	8	14098	20899	7976	1172	0.0	12237
tig00000008	CP063551.1	98.782	3940	43	5	20900	24837	59185	55249	0.0	7005
tig00000008	CP063551.1	99.565	2300	1	7	1	2293	19549	17252	0.0	4183
tig00000008	CP063551.1	93.478	92	6	0	14012	14103	59276	59185	8.93e-26	137
tig00000008	CP063551.1	100.000	30	0	0	16697	16726	42162	42191	0.26	56.5
tig00000008	CP045013.1	99.610	2818	11	0	11322	14139	15402	18219	0.0	5144
tig00000008	AP026594.1	99.610	2818	11	0	11322	14139	6342	9159	0.0	5144
tig00000008	AP026594.1	95.349	86	4	0	14012	14097	17756	17841	8.93e-26	137
tig00000008	AP026587.1	99.645	2815	10	0	11325	14139	10142	7328	0.0	5144
tig00000008	AP026587.1	95.349	86	4	0	14012	14097	237108	237023	8.93e-26	137
tig00000008	AP026580.1	99.645	2815	10	0	11325	14139	10165	7351	0.0	5144
tig00000008	AP026580.1	95.349	86	4	0	14012	14097	239921	239836	8.93e-26	137
tig00000008	LR135228.1	99.609	2815	11	0	11325	14139	18435	21249	0.0	5138
tig00000008	LR135228.1	95.349	86	4	0	14012	14097	29979	30064	8.93e-26	137
tig00000008	LR135193.1	99.609	2815	11	0	11325	14139	19975	22789	0.0	5138
tig00000008	LR135192.1	99.609	2815	11	0	11322	14136	16467	19281	0.0	5138
tig00000008	LR135186.1	99.609	2815	11	0	11325	14139	18559	21373	0.0	5138
tig00000008	CP033208.1	99.609	2815	11	0	11325	14139	10559	13373	0.0	5138
tig00000008	CP025392.1	99.609	2815	11	0	11325	14139	2354576	2351762	0.0	5138
tig00000008	CP025392.1	93.494	1706	77	10	16145	17843	866735	865057	0.0	2505
tig00000008	CP025392.1	90.345	290	28	0	15513	15802	867364	867075	3.74e-99	381
tig00000008	CP025392.1	95.349	86	4	0	14012	14097	2342678	2342593	8.93e-26	137
tig00000008	CP014534.1	99.609	2815	11	0	11325	14139	37584	40398	0.0	5138
tig00000008	CP011283.1	99.609	2815	11	0	11325	14139	20053	22867	0.0	5138
tig00000008	AP026615.1	99.609	2815	11	0	11325	14139	39722	36908	0.0	5138
tig00000008	CP063640.1	99.609	2815	11	0	11325	14139	18113	20927	0.0	5138
tig00000008	CP071273.1	99.609	2815	11	0	11325	14139	18439	21253	0.0	5138
tig00000008	CP071273.1	95.349	86	4	0	14012	14097	29983	30068	8.93e-26	137
tig00000008	CP041258.1	99.574	2815	12	0	11325	14139	62100	59286	0.0	5132
tig00000008	LR135373.1	99.609	2812	11	0	11325	14136	17377	20188	0.0	5132
tig00000008	LR135238.1	99.574	2815	12	0	11325	14139	18465	21279	0.0	5132
tig00000008	LR135238.1	95.349	86	4	0	14012	14097	30011	30096	8.93e-26	137
tig00000008	LR135237.1	99.574	2815	12	0	11325	14139	52016	49202	0.0	5132
tig00000008	LR135237.1	95.349	86	4	0	14012	14097	40482	40397	8.93e-26	137
tig00000008	LR135429.1	99.574	2815	12	0	11322	14136	15401	18215	0.0	5132
tig00000008	CP027513.1	99.609	2812	11	0	11325	14136	15484	18295	0.0	5132
tig00000008	CP014530.1	99.609	2812	11	0	11325	14136	217671	220482	0.0	5132
tig00000008	LT598664.1	99.574	2815	12	0	11325	14139	153270	150456	0.0	5132
tig00000008	CP066661.1	99.574	2815	12	0	11325	14139	43059	45873	0.0	5132
tig00000008	CP066661.1	95.349	86	4	0	14012	14097	54940	55025	8.93e-26	137
tig00000008	CP066476.1	99.574	2815	12	0	11325	14139	53735	56549	0.0	5132
tig00000008	CP066476.1	95.349	86	4	0	14012	14097	3404	3489	8.93e-26	137
tig00000008	CP066460.1	99.574	2815	12	0	11325	14139	48901	46087	0.0	5132
tig00000008	CP066460.1	95.349	86	4	0	14012	14097	37020	36935	8.93e-26	137
tig00000008	LT603680.1	99.574	2815	11	1	11325	14139	18433	21246	0.0	5131
tig00000008	LT603680.1	95.349	86	4	0	14012	14097	29975	30060	8.93e-26	137
tig00000008	AB105543.1	100.000	2748	0	0	11355	14102	1	2748	0.0	5075
tig00000008	CP085894.1	97.193	1710	39	6	16145	17850	2642499	2640795	0.0	2883
tig00000008	CP085894.1	90.345	290	28	0	15513	15802	2643128	2642839	3.74e-99	381
tig00000008	CP040907.1	95.158	1776	78	6	16079	17850	1579287	1577516	0.0	2796
tig00000008	CP040907.1	89.697	165	17	0	15514	15678	1579864	1579700	5.19e-48	211
tig00000008	CP040907.1	84.444	180	28	0	17341	17520	1577920	1577741	5.26e-38	178
tig00000008	CP040875.1	95.158	1776	78	6	16079	17850	2507547	2505776	0.0	2796
tig00000008	CP040875.1	89.697	165	17	0	15514	15678	2508124	2507960	5.19e-48	211
tig00000008	CP040875.1	84.444	180	28	0	17341	17520	2506180	2506001	5.26e-38	178
tig00000008	LR536670.1	95.158	1776	78	6	16079	17850	2279261	2277490	0.0	2796
tig00000008	LR536670.1	84.829	1226	178	8	16079	17300	137579	136358	0.0	1227
tig00000008	LR536670.1	89.697	165	17	0	15514	15678	2279838	2279674	5.19e-48	211
tig00000008	LR536670.1	84.444	180	28	0	17341	17520	2277894	2277715	5.26e-38	178
tig00000008	CP084886.1	95.101	1776	79	6	16079	17850	712003	713774	0.0	2791
tig00000008	CP084886.1	89.697	165	17	0	15514	15678	711426	711590	5.19e-48	211
tig00000008	CP084886.1	84.153	183	29	0	17338	17520	713367	713549	5.26e-38	178
tig00000008	CP084886.1	97.826	46	1	0	24476	24521	548477	548522	1.53e-08	80.5
tig00000008	LR135185.1	95.378	1731	66	11	16135	17857	576754	578478	0.0	2741
tig00000008	LR135185.1	87.190	726	68	14	23798	24521	579044	579746	0.0	802
tig00000008	LR135185.1	86.505	289	39	0	15514	15802	576136	576424	2.97e-80	318
tig00000008	LR135185.1	84.699	183	28	0	17443	17625	577957	578139	1.13e-39	183
tig00000008	LR135482.1	95.321	1731	67	11	16135	17857	523181	524905	0.0	2736
tig00000008	LR135482.1	87.190	726	68	14	23798	24521	525471	526173	0.0	802
tig00000008	LR135482.1	84.429	289	45	0	15514	15802	522563	522851	3.01e-70	285
tig00000008	LR135482.1	84.699	183	28	0	17443	17625	524384	524566	1.13e-39	183
tig00000008	CP088191.1	95.321	1731	67	11	16135	17857	541850	543574	0.0	2736
tig00000008	CP088191.1	87.190	726	68	14	23798	24521	544140	544842	0.0	802
tig00000008	CP088191.1	84.429	289	45	0	15514	15802	541232	541520	3.01e-70	285
tig00000008	CP088191.1	84.699	183	28	0	17443	17625	543053	543235	1.13e-39	183
tig00000008	CP094230.1	95.321	1731	67	11	16135	17857	544142	545866	0.0	2736
tig00000008	CP094230.1	87.328	726	67	14	23798	24521	546432	547134	0.0	808
tig00000008	CP094230.1	84.429	289	45	0	15514	15802	543524	543812	3.01e-70	285
tig00000008	CP094230.1	84.699	183	28	0	17443	17625	545345	545527	1.13e-39	183
tig00000008	CP093941.1	95.321	1731	67	11	16135	17857	602280	604004	0.0	2736
tig00000008	CP093941.1	87.328	726	67	14	23798	24521	604570	605272	0.0	808
tig00000008	CP093941.1	84.429	289	45	0	15514	15802	601662	601950	3.01e-70	285
tig00000008	CP093941.1	84.699	183	28	0	17443	17625	603483	603665	1.13e-39	183
tig00000008	CP004856.1	95.321	1731	67	11	16135	17857	487033	488757	0.0	2736
tig00000008	CP004856.1	87.190	726	68	14	23798	24521	489323	490025	0.0	802
tig00000008	CP004856.1	84.429	289	45	0	15514	15802	486415	486703	3.01e-70	285
tig00000008	CP004856.1	84.699	183	28	0	17443	17625	488236	488418	1.13e-39	183
tig00000008	CP025473.1	95.412	1722	65	11	16144	17857	2154685	2152970	0.0	2730
tig00000008	CP025473.1	93.197	294	19	1	24229	24521	2143453	2143746	3.66e-114	431
tig00000008	CP025473.1	83.218	435	49	12	23798	24231	2152404	2151993	4.83e-98	377
tig00000008	CP025473.1	84.429	289	45	0	15514	15802	2155312	2155024	3.01e-70	285
tig00000008	CP025473.1	85.000	180	27	0	17446	17625	2153488	2153309	1.13e-39	183
tig00000008	CP116579.1	95.558	1711	67	7	16135	17840	452377	454083	0.0	2730
tig00000008	CP116579.1	84.298	484	51	14	23798	24279	460086	460546	1.01e-119	449
tig00000008	CP116579.1	94.554	202	11	0	24320	24521	460542	460743	1.38e-78	313
tig00000008	CP116579.1	84.429	289	45	0	15514	15802	451759	452047	3.01e-70	285
tig00000008	CP116579.1	84.699	183	28	0	17443	17625	453580	453762	1.13e-39	183
tig00000008	CP116581.1	95.558	1711	67	7	16135	17840	452377	454083	0.0	2730
tig00000008	CP116581.1	84.298	484	51	14	23798	24279	460086	460546	1.01e-119	449
tig00000008	CP116581.1	94.554	202	11	0	24320	24521	460542	460743	1.38e-78	313
tig00000008	CP116581.1	84.429	289	45	0	15514	15802	451759	452047	3.01e-70	285
tig00000008	CP116581.1	84.699	183	28	0	17443	17625	453580	453762	1.13e-39	183
tig00000008	LR135191.1	95.500	1711	68	7	16135	17840	584443	586149	0.0	2724
tig00000008	LR135191.1	84.298	484	51	14	23798	24279	586733	587193	1.01e-119	449
tig00000008	LR135191.1	94.554	202	11	0	24320	24521	587189	587390	1.38e-78	313
tig00000008	LR135191.1	84.429	289	45	0	15514	15802	583825	584113	3.01e-70	285
tig00000008	LR135191.1	84.699	183	28	0	17443	17625	585646	585828	1.13e-39	183
tig00000008	CP045012.1	95.358	1702	71	6	16153	17850	1998969	1997272	0.0	2699
tig00000008	CP045012.1	74.706	170	36	6	17454	17618	1997881	1997714	3.30e-05	69.4
tig00000008	CP040368.1	95.358	1702	71	6	16153	17850	2138768	2137071	0.0	2699
tig00000008	CP040368.1	84.829	1226	178	8	16079	17300	2727534	2726313	0.0	1227
tig00000008	CP040368.1	74.706	170	36	6	17454	17618	2137680	2137513	3.30e-05	69.4
tig00000008	LR536658.1	95.358	1702	71	6	16153	17850	2062938	2061241	0.0	2699
tig00000008	LR536658.1	74.706	170	36	6	17454	17618	2061850	2061683	3.30e-05	69.4
tig00000008	AP019408.1	95.358	1702	71	6	16153	17850	2040941	2039244	0.0	2699
tig00000008	AP019408.1	93.494	1706	77	10	16145	17843	2760270	2758592	0.0	2505
tig00000008	AP019408.1	90.345	290	28	0	15513	15802	2760899	2760610	3.74e-99	381
tig00000008	AP019408.1	74.706	170	36	6	17454	17618	2039853	2039686	3.30e-05	69.4
tig00000008	LR134105.1	95.358	1702	71	6	16153	17850	1994771	1993074	0.0	2699
tig00000008	LR134105.1	93.494	1706	77	10	16145	17843	2610857	2609179	0.0	2505
tig00000008	LR134105.1	83.790	1789	243	39	16080	17840	535674	537443	0.0	1653
tig00000008	LR134105.1	90.345	290	28	0	15513	15802	2611486	2611197	3.74e-99	381
tig00000008	LR134105.1	74.706	170	36	6	17454	17618	1993683	1993516	3.30e-05	69.4
tig00000008	LR135258.1	95.358	1702	71	6	16153	17850	2072030	2070333	0.0	2699
tig00000008	LR135258.1	98.551	1104	10	5	16758	17857	606277	607378	0.0	1945
tig00000008	LR135258.1	87.328	726	67	14	23798	24521	607944	608646	0.0	808
tig00000008	LR135258.1	88.007	542	57	6	16135	16672	605750	606287	2.60e-175	634
tig00000008	LR135258.1	84.429	289	45	0	15514	15802	605132	605420	3.01e-70	285
tig00000008	LR135258.1	84.699	183	28	0	17443	17625	606857	607039	1.13e-39	183
tig00000008	LR135258.1	74.706	170	36	6	17454	17618	2070942	2070775	3.30e-05	69.4
tig00000008	LR135243.1	95.358	1702	71	6	16153	17850	2033428	2031731	0.0	2699
tig00000008	LR135243.1	93.494	1706	77	10	16145	17843	2647041	2645363	0.0	2505
tig00000008	LR135243.1	83.678	1789	245	39	16080	17840	583866	585635	0.0	1642
tig00000008	LR135243.1	90.345	290	28	0	15513	15802	2647670	2647381	3.74e-99	381
tig00000008	LR135243.1	74.706	170	36	6	17454	17618	2032340	2032173	3.30e-05	69.4
tig00000008	LR135235.1	95.358	1702	71	6	16153	17850	1987903	1986206	0.0	2699
tig00000008	LR135235.1	93.494	1706	77	10	16145	17843	2638087	2636409	0.0	2505
tig00000008	LR135235.1	83.678	1789	245	39	16080	17840	545330	547099	0.0	1642
tig00000008	LR135235.1	90.345	290	28	0	15513	15802	2638716	2638427	3.74e-99	381
tig00000008	LR135235.1	74.706	170	36	6	17454	17618	1986815	1986648	3.30e-05	69.4
tig00000008	LR135219.1	95.358	1702	71	6	16153	17850	1989983	1988286	0.0	2699
tig00000008	LR135219.1	93.494	1706	77	10	16145	17843	2598886	2597208	0.0	2505
tig00000008	LR135219.1	83.678	1789	245	39	16080	17840	546860	548629	0.0	1642
tig00000008	LR135219.1	90.345	290	28	0	15513	15802	2599515	2599226	3.74e-99	381
tig00000008	LR135219.1	74.706	170	36	6	17454	17618	1988895	1988728	3.30e-05	69.4
tig00000008	CP066205.1	94.429	1759	90	6	16096	17850	1054492	1056246	0.0	2699
tig00000008	CP066205.1	95.091	1711	51	10	16144	17850	2512416	2510735	0.0	2663
tig00000008	CP066205.1	84.265	483	53	12	23798	24279	2510158	2509698	1.01e-119	449
tig00000008	CP066205.1	94.554	202	11	0	24320	24521	2509702	2509501	1.38e-78	313
tig00000008	CP066205.1	84.083	289	46	0	15514	15802	2513043	2512755	1.40e-68	279
tig00000008	CP066205.1	82.443	262	46	0	15541	15802	1053940	1054201	1.43e-53	230
tig00000008	CP066205.1	75.000	164	34	6	17454	17612	1055637	1055798	3.30e-05	69.4
tig00000008	CP066215.1	95.358	1702	71	6	16153	17850	2010573	2008876	0.0	2699
tig00000008	CP066215.1	74.706	170	36	6	17454	17618	2009485	2009318	3.30e-05	69.4
tig00000008	CP065523.1	94.429	1759	90	6	16096	17850	646082	647836	0.0	2699
tig00000008	CP065523.1	93.494	1706	77	10	16145	17843	60845	62523	0.0	2505
tig00000008	CP065523.1	90.345	290	28	0	15513	15802	60216	60505	3.74e-99	381
tig00000008	CP065523.1	75.000	164	34	6	17454	17612	647227	647388	3.30e-05	69.4
tig00000008	CP003351.1	95.358	1702	71	6	16153	17850	2181173	2179476	0.0	2699
tig00000008	CP003351.1	93.318	1706	80	10	16145	17843	2781421	2779743	0.0	2488
tig00000008	CP003351.1	90.345	290	28	0	15513	15802	2782050	2781761	3.74e-99	381
tig00000008	CP003351.1	74.706	170	36	6	17454	17618	2180085	2179918	3.30e-05	69.4
tig00000008	LR135339.1	95.479	1703	49	6	16145	17843	2721163	2719485	0.0	2693
tig00000008	LR135339.1	90.345	290	28	0	15513	15802	2721792	2721503	3.74e-99	381
tig00000008	LR135197.1	94.372	1759	91	6	16096	17850	698216	699970	0.0	2693
tig00000008	LR135197.1	93.494	1706	77	10	16145	17843	2631072	2629394	0.0	2505
tig00000008	LR135197.1	90.345	290	28	0	15513	15802	2631701	2631412	3.74e-99	381
tig00000008	LR135197.1	75.000	164	34	6	17454	17612	699361	699522	3.30e-05	69.4
tig00000008	CP028727.1	94.224	1766	92	6	16079	17840	1129475	1131234	0.0	2687
tig00000008	CP028727.1	84.153	183	29	0	17338	17520	1130836	1131018	5.26e-38	178
tig00000008	CP028727.1	75.000	164	34	6	17454	17612	1130637	1130798	3.30e-05	69.4
tig00000008	CP088195.1	94.224	1766	92	6	16079	17840	658842	660601	0.0	2687
tig00000008	CP088195.1	84.153	183	29	0	17338	17520	660203	660385	5.26e-38	178
tig00000008	CP088195.1	75.000	164	34	6	17454	17612	660004	660165	3.30e-05	69.4
tig00000008	CP050816.1	95.182	1702	74	6	16153	17850	3300754	3299057	0.0	2682
tig00000008	CP050816.1	85.738	1227	162	13	16080	17300	1142062	1143281	0.0	1284
tig00000008	CP050816.1	74.706	170	36	6	17454	17618	3299666	3299499	3.30e-05	69.4
tig00000008	CP046123.1	93.975	1776	99	6	16079	17850	2861785	2860014	0.0	2680
tig00000008	CP046123.1	89.697	165	17	0	15514	15678	2862362	2862198	5.19e-48	211
tig00000008	CP046123.1	83.889	180	29	0	17341	17520	2860418	2860239	2.45e-36	172
tig00000008	LR135181.1	95.165	1696	79	3	16145	17838	2016057	2014363	0.0	2675
tig00000008	LR135181.1	93.494	1706	77	10	16145	17843	2599398	2597720	0.0	2505
tig00000008	LR135181.1	86.933	727	68	17	23798	24521	2013777	2013075	0.0	791
tig00000008	LR135181.1	90.345	290	28	0	15513	15802	2600027	2599738	3.74e-99	381
tig00000008	CP116546.1	95.165	1696	79	3	16145	17838	1969908	1968214	0.0	2675
tig00000008	CP116546.1	93.494	1706	77	10	16145	17843	2559326	2557648	0.0	2505
tig00000008	CP116546.1	86.933	727	68	17	23798	24521	1967628	1966926	0.0	791
tig00000008	CP116546.1	90.345	290	28	0	15513	15802	2559955	2559666	3.74e-99	381
tig00000008	CP116543.1	95.165	1696	79	3	16145	17838	2056293	2054599	0.0	2675
tig00000008	CP116543.1	93.494	1706	77	10	16145	17843	2644189	2642511	0.0	2505
tig00000008	CP116543.1	86.933	727	68	17	23798	24521	2054013	2053311	0.0	791
tig00000008	CP116543.1	90.345	290	28	0	15513	15802	2644818	2644529	3.74e-99	381
tig00000008	CP116549.1	95.165	1696	79	3	16145	17838	1985766	1984072	0.0	2675
tig00000008	CP116549.1	93.494	1706	77	10	16145	17843	2573651	2571973	0.0	2505
tig00000008	CP116549.1	86.933	727	68	17	23798	24521	1983486	1982784	0.0	791
tig00000008	CP116549.1	90.345	290	28	0	15513	15802	2574280	2573991	3.74e-99	381
tig00000008	CP116540.1	95.165	1696	79	3	16145	17838	1972078	1970384	0.0	2675
tig00000008	CP116540.1	93.494	1706	77	10	16145	17843	2561496	2559818	0.0	2505
tig00000008	CP116540.1	86.933	727	68	17	23798	24521	1969798	1969096	0.0	791
tig00000008	CP116540.1	90.345	290	28	0	15513	15802	2562125	2561836	3.74e-99	381
tig00000008	CP066024.1	93.919	1776	100	6	16079	17850	416736	414965	0.0	2675
tig00000008	CP066024.1	89.697	165	17	0	15514	15678	417313	417149	5.19e-48	211
tig00000008	CP066024.1	83.889	180	29	0	17341	17520	415369	415190	2.45e-36	172
tig00000008	CP044316.1	95.088	1710	53	9	16135	17840	600398	602080	0.0	2663
tig00000008	CP044316.1	84.265	483	53	12	23798	24279	602665	603125	1.01e-119	449
tig00000008	CP044316.1	94.554	202	11	0	24320	24521	603121	603322	1.38e-78	313
tig00000008	CP044316.1	84.083	289	46	0	15514	15802	599780	600068	1.40e-68	279
tig00000008	CP085906.1	95.029	1710	52	10	16145	17850	2643855	2642175	0.0	2656
tig00000008	CP085906.1	90.345	290	28	0	15513	15802	2644484	2644195	3.74e-99	381
tig00000008	CP088203.1	94.454	1731	82	11	16135	17857	643627	645351	0.0	2652
tig00000008	CP088203.1	87.328	726	67	14	23798	24521	645917	646619	0.0	808
tig00000008	CP088203.1	84.429	289	45	0	15514	15802	643009	643297	3.01e-70	285
tig00000008	CP088203.1	91.257	183	16	0	17338	17520	644935	645117	1.10e-59	250
tig00000008	CP088203.1	83.041	171	27	2	17443	17612	644830	644999	8.87e-31	154
tig00000008	AP026612.1	93.746	1759	103	5	16084	17838	541561	543316	0.0	2632
tig00000008	AP026612.1	93.494	1706	77	10	16145	17843	2667750	2666072	0.0	2505
tig00000008	AP026612.1	97.443	352	9	0	16903	17254	543853	544204	2.63e-165	601
tig00000008	AP026612.1	92.737	358	23	3	24165	24521	544244	544599	3.53e-139	514
tig00000008	AP026612.1	90.345	290	28	0	15513	15802	2668379	2668090	3.74e-99	381
tig00000008	AP026612.1	83.607	183	30	0	17338	17520	542920	543102	2.45e-36	172
tig00000008	AP026612.1	87.786	131	16	0	15672	15802	2662718	2662588	8.87e-31	154
tig00000008	CP036154.1	83.932	2782	387	37	5	2756	20359	23110	0.0	2606
tig00000008	CP036154.1	75.564	4522	954	100	2919	7375	23255	27690	0.0	2089
tig00000008	CP036154.1	81.179	2019	354	25	15295	17300	32871	34876	0.0	1600
tig00000008	CP036154.1	81.158	950	168	10	21490	22432	41889	42834	0.0	752
tig00000008	CP036154.1	95.349	86	4	0	14012	14097	41197	41282	8.93e-26	137
tig00000008	KX976485.1	83.896	2782	388	37	5	2756	65487	62736	0.0	2601
tig00000008	KX976485.1	75.520	4522	956	99	2919	7375	62591	58156	0.0	2078
tig00000008	KX976485.1	81.228	2019	353	25	15295	17300	52975	50970	0.0	1605
tig00000008	KX976485.1	81.158	950	168	10	21490	22432	44060	43115	0.0	752
tig00000008	KX976485.1	93.478	92	6	0	14012	14103	44752	44661	8.93e-26	137
tig00000008	KX853854.1	83.896	2782	388	37	5	2756	10955	13706	0.0	2601
tig00000008	KX853854.1	75.520	4522	956	100	2919	7375	13851	18286	0.0	2078
tig00000008	KX853854.1	81.228	2019	353	25	15295	17300	23467	25472	0.0	1605
tig00000008	KX853854.1	81.158	950	168	10	21490	22432	32382	33327	0.0	752
tig00000008	KX853854.1	95.349	86	4	0	14012	14097	31690	31775	8.93e-26	137
tig00000008	CP093958.1	83.896	2782	388	37	5	2756	4907	7658	0.0	2601
tig00000008	CP093958.1	75.520	4522	956	100	2919	7375	7803	12238	0.0	2078
tig00000008	CP093958.1	81.228	2019	353	25	15295	17300	17419	19424	0.0	1605
tig00000008	CP093958.1	81.158	950	168	10	21490	22432	23591	24536	0.0	752
tig00000008	AB611033.1	83.896	2782	388	37	5	2756	26501	29252	0.0	2601
tig00000008	AB611033.1	75.520	4522	956	100	2919	7375	29397	33832	0.0	2078
tig00000008	AB611033.1	81.228	2019	353	25	15295	17300	39013	41018	0.0	1605
tig00000008	AB611033.1	81.158	950	168	10	21490	22432	45185	46130	0.0	752
tig00000008	CP118548.1	92.609	1759	127	3	16084	17840	577056	578813	0.0	2525
tig00000008	CP065770.1	92.609	1759	127	3	16084	17840	529286	531043	0.0	2525
tig00000008	CP012447.1	93.552	1706	76	10	16145	17843	2743185	2741507	0.0	2510
tig00000008	CP012447.1	90.345	290	28	0	15513	15802	2743814	2743525	3.74e-99	381
tig00000008	AP022341.1	93.494	1706	77	10	16145	17843	2628490	2626812	0.0	2505
tig00000008	AP022341.1	83.790	1789	243	39	16080	17840	602696	604465	0.0	1653
tig00000008	AP022341.1	90.345	290	28	0	15513	15802	2629119	2628830	3.74e-99	381
tig00000008	CP046307.1	93.494	1706	77	10	16145	17843	2271586	2269908	0.0	2505
tig00000008	CP046307.1	91.097	966	84	2	16145	17109	3106278	3107242	0.0	1306
tig00000008	CP046307.1	93.983	349	20	1	24174	24521	3109664	3110012	4.53e-143	527
tig00000008	CP046307.1	90.345	290	28	0	15513	15802	2272215	2271926	3.74e-99	381
tig00000008	CP046077.1	93.494	1706	77	10	16145	17843	2861842	2860164	0.0	2505
tig00000008	CP046077.1	90.345	290	28	0	15513	15802	2862471	2862182	3.74e-99	381
tig00000008	CP044274.1	93.494	1706	77	10	16145	17843	2725180	2723502	0.0	2505
tig00000008	CP044274.1	90.345	290	28	0	15513	15802	2725809	2725520	3.74e-99	381
tig00000008	CP035648.1	93.494	1706	77	10	16145	17843	2673017	2671339	0.0	2505
tig00000008	CP035648.1	89.843	1782	164	14	16079	17850	2088780	2087006	0.0	2272
tig00000008	CP035648.1	90.345	290	28	0	15513	15802	2673646	2673357	3.74e-99	381
tig00000008	CP035648.1	89.697	165	17	0	15514	15678	2089357	2089193	5.19e-48	211
tig00000008	CP035648.1	83.889	180	29	0	17341	17520	2087410	2087231	2.45e-36	172
tig00000008	CP035654.1	93.494	1706	77	10	16145	17843	2676137	2674459	0.0	2505
tig00000008	CP035654.1	89.792	1783	164	15	16079	17850	2091794	2090019	0.0	2268
tig00000008	CP035654.1	90.345	290	28	0	15513	15802	2676766	2676477	3.74e-99	381
tig00000008	CP035654.1	89.697	165	17	0	15514	15678	2092371	2092207	5.19e-48	211
tig00000008	CP035654.1	83.889	180	29	0	17341	17520	2090423	2090244	2.45e-36	172
tig00000008	CP035666.1	93.494	1706	77	10	16145	17843	2759986	2758308	0.0	2505
tig00000008	CP035666.1	89.843	1782	164	14	16079	17850	2175741	2173967	0.0	2272
tig00000008	CP035666.1	90.345	290	28	0	15513	15802	2760615	2760326	3.74e-99	381
tig00000008	CP035666.1	89.697	165	17	0	15514	15678	2176318	2176154	5.19e-48	211
tig00000008	CP035666.1	83.889	180	29	0	17341	17520	2174371	2174192	2.45e-36	172
tig00000008	LR135364.1	93.494	1706	77	10	16145	17843	2663847	2662169	0.0	2505
tig00000008	LR135364.1	90.345	290	28	0	15513	15802	2664476	2664187	3.74e-99	381
tig00000008	LR135357.1	93.494	1706	77	10	16145	17843	2569672	2567994	0.0	2505
tig00000008	LR135357.1	89.843	1782	164	14	16079	17850	580075	581849	0.0	2272
tig00000008	LR135357.1	90.345	290	28	0	15513	15802	2570301	2570012	3.74e-99	381
tig00000008	LR135357.1	89.697	165	17	0	15514	15678	579498	579662	5.19e-48	211
tig00000008	LR135357.1	83.607	183	30	0	17338	17520	581442	581624	2.45e-36	172
tig00000008	LR135344.1	93.494	1706	77	10	16145	17843	2844683	2843005	0.0	2505
tig00000008	LR135344.1	90.345	290	28	0	15513	15802	2845312	2845023	3.74e-99	381
tig00000008	LR135331.1	93.494	1706	77	10	16145	17843	591084	589406	0.0	2505
tig00000008	LR135331.1	90.345	290	28	0	15513	15802	591713	591424	3.74e-99	381
tig00000008	LR135297.1	93.494	1706	77	10	16145	17843	2763081	2761403	0.0	2505
tig00000008	LR135297.1	90.345	290	28	0	15513	15802	2763710	2763421	3.74e-99	381
tig00000008	LR135293.1	93.494	1706	77	10	16145	17843	2622647	2620969	0.0	2505
tig00000008	LR135293.1	90.345	290	28	0	15513	15802	2623276	2622987	3.74e-99	381
tig00000008	LR135287.1	93.494	1706	77	10	16145	17843	2751155	2749477	0.0	2505
tig00000008	LR135287.1	90.345	290	28	0	15513	15802	2751784	2751495	3.74e-99	381
tig00000008	LR135226.1	93.494	1706	77	10	16145	17843	2728059	2726381	0.0	2505
tig00000008	LR135226.1	83.790	1789	243	39	16080	17840	593903	595672	0.0	1653
tig00000008	LR135226.1	90.345	290	28	0	15513	15802	2728688	2728399	3.74e-99	381
tig00000008	LR135203.1	93.494	1706	77	10	16145	17843	2726582	2724904	0.0	2505
tig00000008	LR135203.1	83.790	1789	243	39	16080	17840	595741	597510	0.0	1653
tig00000008	LR135203.1	90.345	290	28	0	15513	15802	2727211	2726922	3.74e-99	381
tig00000008	LR135174.1	93.494	1706	77	10	16145	17843	2650101	2648423	0.0	2505
tig00000008	LR135174.1	90.345	290	28	0	15513	15802	2650730	2650441	3.74e-99	381
tig00000008	CP018071.1	93.494	1706	77	10	16145	17843	2584359	2586037	0.0	2505
tig00000008	CP018071.1	93.027	1391	78	11	16144	17523	1857028	1855646	0.0	2013
tig00000008	CP018071.1	91.748	412	22	5	17446	17850	1855777	1855371	1.24e-153	562
tig00000008	CP018071.1	84.330	485	53	12	23796	24279	1854802	1854340	7.81e-121	453
tig00000008	CP018071.1	90.345	290	28	0	15513	15802	2583730	2584019	3.74e-99	381
tig00000008	CP018071.1	94.554	202	11	0	24320	24521	1854344	1854143	1.38e-78	313
tig00000008	CP018071.1	84.483	290	45	0	15513	15802	1857656	1857367	8.38e-71	287
tig00000008	CP018065.1	93.494	1706	77	10	16145	17843	50005	51683	0.0	2505
tig00000008	CP018065.1	90.345	290	28	0	15513	15802	49376	49665	3.74e-99	381
tig00000008	CP012430.1	93.494	1706	77	10	16145	17843	2609846	2611524	0.0	2505
tig00000008	CP012430.1	90.345	290	28	0	15513	15802	2609217	2609506	3.74e-99	381
tig00000008	CP012430.1	95.349	86	4	0	14012	14097	137728	137643	8.93e-26	137
tig00000008	CP116514.1	93.494	1706	77	10	16145	17843	2526273	2524595	0.0	2505
tig00000008	CP116514.1	90.345	290	28	0	15513	15802	2526902	2526613	3.74e-99	381
tig00000008	CP112862.1	93.494	1706	77	10	16145	17843	2740782	2739104	0.0	2505
tig00000008	CP112862.1	90.345	290	28	0	15513	15802	2741411	2741122	3.74e-99	381
tig00000008	CP110294.1	93.494	1706	77	10	16145	17843	2553126	2551448	0.0	2505
tig00000008	CP110294.1	90.345	290	28	0	15513	15802	2553755	2553466	3.74e-99	381
tig00000008	AP026650.1	93.494	1706	77	10	16145	17843	2651729	2650051	0.0	2505
tig00000008	AP026650.1	83.790	1789	243	39	16080	17840	607519	609288	0.0	1653
tig00000008	AP026650.1	97.796	499	10	1	17294	17791	2653949	2653451	0.0	859
tig00000008	AP026650.1	97.770	269	4	2	17576	17843	2648710	2648443	1.30e-123	462
tig00000008	AP026650.1	90.345	290	28	0	15513	15802	2652358	2652069	3.74e-99	381
tig00000008	AP026650.1	96.183	131	5	0	16828	16958	2649461	2649331	4.01e-49	215
tig00000008	AP026593.1	93.494	1706	77	10	16145	17843	473181	474859	0.0	2505
tig00000008	AP026593.1	90.345	290	28	0	15513	15802	472552	472841	3.74e-99	381
tig00000008	AP026593.1	96.226	53	2	0	16937	16989	479519	479571	9.12e-11	87.9
tig00000008	AP026586.1	93.494	1706	77	10	16145	17843	470121	471799	0.0	2505
tig00000008	AP026586.1	89.708	787	41	17	16365	17142	479079	479834	0.0	968
tig00000008	AP026586.1	96.178	471	15	1	16685	17152	466556	467026	0.0	767
tig00000008	AP026586.1	90.345	290	28	0	15513	15802	469492	469781	3.74e-99	381
tig00000008	AP026586.1	83.262	233	25	9	17259	17484	467133	467358	3.12e-45	202
tig00000008	AP026586.1	95.370	108	5	0	17243	17350	479935	480042	2.45e-36	172
tig00000008	AP026579.1	93.494	1706	77	10	16145	17843	2732376	2730698	0.0	2505
tig00000008	AP026579.1	90.345	290	28	0	15513	15802	2733005	2732716	3.74e-99	381
tig00000008	CP096219.1	93.494	1706	77	10	16145	17843	2625167	2623489	0.0	2505
tig00000008	CP096219.1	90.345	290	28	0	15513	15802	2625796	2625507	3.74e-99	381
tig00000008	CP063593.1	93.494	1706	77	10	16145	17843	2632332	2630654	0.0	2505
tig00000008	CP063593.1	89.787	1782	164	15	16079	17850	2047457	2045684	0.0	2266
tig00000008	CP063593.1	90.345	290	28	0	15513	15802	2632961	2632672	3.74e-99	381
tig00000008	CP063593.1	89.697	165	17	0	15514	15678	2048034	2047870	5.19e-48	211
tig00000008	CP063593.1	83.889	180	29	0	17341	17520	2046087	2045908	2.45e-36	172
tig00000008	CP063579.1	93.494	1706	77	10	16145	17843	2702052	2700374	0.0	2505
tig00000008	CP063579.1	92.867	1388	80	11	16144	17520	2094021	2092642	0.0	1997
tig00000008	CP063579.1	97.010	301	6	2	17551	17850	2092716	2092418	7.64e-136	503
tig00000008	CP063579.1	90.345	290	28	0	15513	15802	2702681	2702392	3.74e-99	381
tig00000008	CP063579.1	94.554	202	11	0	24320	24521	2091193	2090992	1.38e-78	313
tig00000008	CP063579.1	84.429	289	45	0	15514	15802	2094648	2094360	3.01e-70	285
tig00000008	CP063579.1	90.206	194	16	3	24088	24279	2091381	2091189	1.10e-59	250
tig00000008	CP063579.1	86.512	215	28	1	23798	24011	2091842	2091628	3.08e-55	235
tig00000008	CP063579.1	93.590	78	5	0	17446	17523	2092770	2092693	1.16e-19	117
tig00000008	CP063639.1	93.494	1706	77	10	16145	17843	2639295	2637617	0.0	2505
tig00000008	CP063639.1	92.985	1397	79	11	16135	17520	567362	568750	0.0	2019
tig00000008	CP063639.1	92.867	1388	80	11	16144	17520	2050835	2049456	0.0	1997
tig00000008	CP063639.1	91.727	411	24	4	17437	17840	568613	569020	1.24e-153	562
tig00000008	CP063639.1	97.010	301	6	2	17551	17850	2049530	2049232	7.64e-136	503
tig00000008	CP063639.1	90.345	290	28	0	15513	15802	2639924	2639635	3.74e-99	381
tig00000008	CP063639.1	94.554	202	11	0	24320	24521	571529	571730	1.38e-78	313
tig00000008	CP063639.1	94.554	202	11	0	24320	24521	2048007	2047806	1.38e-78	313
tig00000008	CP063639.1	81.443	388	49	12	23784	24170	569585	569950	1.39e-73	296
tig00000008	CP063639.1	84.483	290	45	0	15513	15802	566743	567032	8.38e-71	287
tig00000008	CP063639.1	84.429	289	45	0	15514	15802	2051462	2051174	3.01e-70	285
tig00000008	CP063639.1	90.206	194	16	3	24088	24279	2048195	2048003	1.10e-59	250
tig00000008	CP063639.1	86.512	215	28	1	23798	24011	2048656	2048442	3.08e-55	235
tig00000008	CP063639.1	93.277	119	8	0	24161	24279	571415	571533	1.89e-37	176
tig00000008	CP063639.1	93.590	78	5	0	17446	17523	2049584	2049507	1.16e-19	117
tig00000008	CP063604.1	93.494	1706	77	10	16145	17843	2723876	2722198	0.0	2505
tig00000008	CP063604.1	90.345	290	28	0	15513	15802	2724505	2724216	3.74e-99	381
tig00000008	CP063598.1	93.494	1706	77	10	16145	17843	2763546	2761868	0.0	2505
tig00000008	CP063598.1	90.345	290	28	0	15513	15802	2764175	2763886	3.74e-99	381
tig00000008	CP063586.1	93.494	1706	77	10	16145	17843	2706978	2705300	0.0	2505
tig00000008	CP063586.1	90.345	290	28	0	15513	15802	2707607	2707318	3.74e-99	381
tig00000008	CP063555.1	93.494	1706	77	10	16145	17843	2706976	2705298	0.0	2505
tig00000008	CP063555.1	90.345	290	28	0	15513	15802	2707605	2707316	3.74e-99	381
tig00000008	CP063542.1	93.494	1706	77	10	16145	17843	2644650	2642972	0.0	2505
tig00000008	CP063542.1	92.867	1388	80	11	16144	17520	2034474	2033095	0.0	1997
tig00000008	CP063542.1	97.010	301	6	2	17551	17850	2033169	2032871	7.64e-136	503
tig00000008	CP063542.1	90.345	290	28	0	15513	15802	2645279	2644990	3.74e-99	381
tig00000008	CP063542.1	94.554	202	11	0	24320	24521	2031646	2031445	1.38e-78	313
tig00000008	CP063542.1	84.429	289	45	0	15514	15802	2035101	2034813	3.01e-70	285
tig00000008	CP063542.1	90.206	194	16	3	24088	24279	2031834	2031642	1.10e-59	250
tig00000008	CP063542.1	86.512	215	28	1	23798	24011	2032295	2032081	3.08e-55	235
tig00000008	CP063542.1	93.590	78	5	0	17446	17523	2033223	2033146	1.16e-19	117
tig00000008	CP091577.1	93.494	1706	77	10	16145	17843	2196375	2198053	0.0	2505
tig00000008	CP091577.1	89.843	1782	164	14	16079	17850	72545	74319	0.0	2272
tig00000008	CP091577.1	90.345	290	28	0	15513	15802	2195746	2196035	3.74e-99	381
tig00000008	CP091577.1	89.697	165	17	0	15514	15678	71968	72132	5.19e-48	211
tig00000008	CP091577.1	83.607	183	30	0	17338	17520	73912	74094	2.45e-36	172
tig00000008	CP089319.1	93.494	1706	77	10	16145	17843	2679988	2678310	0.0	2505
tig00000008	CP089319.1	90.345	290	28	0	15513	15802	2680617	2680328	3.74e-99	381
tig00000008	CP083920.1	93.494	1706	77	10	16145	17843	2639527	2637849	0.0	2505
tig00000008	CP083920.1	90.345	290	28	0	15513	15802	2640156	2639867	3.74e-99	381
tig00000008	CP083912.1	93.494	1706	77	10	16145	17843	2644909	2643231	0.0	2505
tig00000008	CP083912.1	90.345	290	28	0	15513	15802	2645538	2645249	3.74e-99	381
tig00000008	CP079927.1	93.494	1706	77	10	16145	17843	2586247	2584569	0.0	2505
tig00000008	CP079927.1	83.678	1789	245	39	16080	17840	617515	619284	0.0	1642
tig00000008	CP079927.1	90.345	290	28	0	15513	15802	2586876	2586587	3.74e-99	381
tig00000008	AP024837.1	93.494	1706	77	10	16145	17843	2840054	2838376	0.0	2505
tig00000008	AP024837.1	83.790	1789	243	39	16080	17840	609198	610967	0.0	1653
tig00000008	AP024837.1	90.345	290	28	0	15513	15802	2840683	2840394	3.74e-99	381
tig00000008	AP024837.1	94.118	68	4	0	14013	14080	2545785	2545718	9.06e-16	104
tig00000008	AP024831.1	93.494	1706	77	10	16145	17843	2812453	2810775	0.0	2505
tig00000008	AP024831.1	83.790	1789	243	39	16080	17840	609188	610957	0.0	1653
tig00000008	AP024831.1	90.345	290	28	0	15513	15802	2813082	2812793	3.74e-99	381
tig00000008	AP024831.1	94.118	68	4	0	14013	14080	2548077	2548010	9.06e-16	104
tig00000008	CP065777.1	93.494	1706	77	10	16145	17843	2639969	2638291	0.0	2505
tig00000008	CP065777.1	83.705	1792	245	39	16080	17843	646109	647881	0.0	1648
tig00000008	CP065777.1	90.345	290	28	0	15513	15802	2640598	2640309	3.74e-99	381
tig00000008	OU015708.1	93.494	1706	77	10	16145	17843	2715379	2713701	0.0	2505
tig00000008	OU015708.1	90.345	290	28	0	15513	15802	2716008	2715719	3.74e-99	381
tig00000008	CP046166.1	93.494	1706	77	10	16145	17843	2718572	2716894	0.0	2505
tig00000008	CP046166.1	90.345	290	28	0	15513	15802	2719201	2718912	3.74e-99	381
tig00000008	CP066667.1	93.494	1706	77	10	16145	17843	2723134	2721456	0.0	2505
tig00000008	CP066667.1	83.790	1789	243	39	16080	17840	572861	574630	0.0	1653
tig00000008	CP066667.1	90.345	290	28	0	15513	15802	2723763	2723474	3.74e-99	381
tig00000008	CP066653.1	93.494	1706	77	10	16145	17843	2719842	2718164	0.0	2505
tig00000008	CP066653.1	83.790	1789	243	39	16080	17840	571354	573123	0.0	1653
tig00000008	CP066653.1	90.345	290	28	0	15513	15802	2720471	2720182	3.74e-99	381
tig00000008	CP066673.1	93.494	1706	77	10	16145	17843	2777795	2776117	0.0	2505
tig00000008	CP066673.1	83.790	1789	243	39	16080	17840	573452	575221	0.0	1653
tig00000008	CP066673.1	90.345	290	28	0	15513	15802	2778424	2778135	3.74e-99	381
tig00000008	CP066629.1	93.494	1706	77	10	16145	17843	2754681	2753003	0.0	2505
tig00000008	CP066629.1	89.008	1774	178	15	16080	17843	575870	577636	0.0	2180
tig00000008	CP066629.1	90.345	290	28	0	15513	15802	2755310	2755021	3.74e-99	381
tig00000008	CP066381.1	93.494	1706	77	10	16145	17843	2680033	2678355	0.0	2505
tig00000008	CP066381.1	89.843	1782	164	14	16079	17850	2097324	2095550	0.0	2272
tig00000008	CP066381.1	90.345	290	28	0	15513	15802	2680662	2680373	3.74e-99	381
tig00000008	CP066381.1	89.697	165	17	0	15514	15678	2097901	2097737	5.19e-48	211
tig00000008	CP066381.1	83.889	180	29	0	17341	17520	2095954	2095775	2.45e-36	172
tig00000008	CP066389.1	93.494	1706	77	10	16145	17843	2708942	2707264	0.0	2505
tig00000008	CP066389.1	92.913	1397	80	11	16135	17520	570289	571677	0.0	2013
tig00000008	CP066389.1	91.727	411	24	4	17437	17840	571540	571947	1.24e-153	562
tig00000008	CP066389.1	83.903	497	57	12	23784	24279	572512	572986	7.81e-121	453
tig00000008	CP066389.1	90.345	290	28	0	15513	15802	2709571	2709282	3.74e-99	381
tig00000008	CP066389.1	94.554	202	11	0	24320	24521	572982	573183	1.38e-78	313
tig00000008	CP066389.1	84.483	290	45	0	15513	15802	568301	568590	8.38e-71	287
tig00000008	CP065527.1	93.494	1706	77	10	16145	17843	60970	62648	0.0	2505
tig00000008	CP065527.1	90.345	290	28	0	15513	15802	60341	60630	3.74e-99	381
tig00000008	CP035660.1	93.439	1707	77	11	16145	17843	2760019	2758340	0.0	2499
tig00000008	CP035660.1	89.843	1782	164	14	16079	17850	2175764	2173990	0.0	2272
tig00000008	CP035660.1	90.345	290	28	0	15513	15802	2760648	2760359	3.74e-99	381
tig00000008	CP035660.1	89.697	165	17	0	15514	15678	2176341	2176177	5.19e-48	211
tig00000008	CP035660.1	83.889	180	29	0	17341	17520	2174394	2174215	2.45e-36	172
tig00000008	CP033206.1	93.435	1706	78	10	16145	17843	2706679	2705001	0.0	2499
tig00000008	CP033206.1	90.345	290	28	0	15513	15802	2707308	2707019	3.74e-99	381
tig00000008	CP066598.1	93.345	1713	78	11	16145	17850	2730739	2729056	0.0	2499
tig00000008	CP066598.1	83.790	1789	243	39	16080	17840	574517	576286	0.0	1653
tig00000008	CP066598.1	90.345	290	28	0	15513	15802	2731368	2731079	3.74e-99	381
tig00000008	LR135488.1	93.287	1713	80	11	16145	17850	2865317	2863633	0.0	2494
tig00000008	LR135488.1	90.345	290	28	0	15513	15802	2865946	2865657	3.74e-99	381
tig00000008	LR135488.1	83.889	180	29	0	17341	17520	2864037	2863858	2.45e-36	172
tig00000008	CP043865.1	93.228	1713	81	11	16145	17850	2561513	2563197	0.0	2488
tig00000008	CP043865.1	78.811	656	125	13	16079	16727	384541	385189	1.32e-113	429
tig00000008	CP043865.1	90.345	290	28	0	15513	15802	2560884	2561173	3.74e-99	381
tig00000008	CP043865.1	89.697	165	17	0	15514	15678	383964	384128	5.19e-48	211
tig00000008	CP043865.1	84.091	176	28	0	17338	17513	2562790	2562965	8.80e-36	171
tig00000008	CP022340.1	90.326	1778	156	14	16080	17850	2308380	2306612	0.0	2316
tig00000008	CP022340.1	84.302	172	27	0	17349	17520	2307007	2306836	3.17e-35	169
tig00000008	CP012465.1	89.787	1782	165	14	16079	17850	1932008	1933782	0.0	2266
tig00000008	CP012465.1	93.027	1391	78	11	16144	17523	609513	608131	0.0	2013
tig00000008	CP012465.1	91.748	412	22	5	17446	17850	608262	607856	1.24e-153	562
tig00000008	CP012465.1	84.330	485	53	13	23796	24279	607287	606825	7.81e-121	453
tig00000008	CP012465.1	94.554	202	11	0	24320	24521	606829	606628	1.38e-78	313
tig00000008	CP012465.1	84.483	290	45	0	15513	15802	610141	609852	8.38e-71	287
tig00000008	CP012465.1	89.697	165	17	0	15514	15678	1931431	1931595	5.19e-48	211
tig00000008	CP012465.1	83.607	183	30	0	17338	17520	1933375	1933557	2.45e-36	172
tig00000008	CP116510.1	89.651	1778	162	16	16080	17850	2089416	2087654	0.0	2244
tig00000008	CP025022.1	94.928	1380	63	5	16145	17520	581967	583343	0.0	2159
tig00000008	CP025022.1	87.517	721	63	16	23805	24521	584205	584902	0.0	808
tig00000008	CP025022.1	95.302	298	13	1	17542	17838	583314	583611	9.96e-130	483
tig00000008	CP025022.1	84.429	289	45	0	15514	15802	581339	581627	3.01e-70	285
tig00000008	CP025022.1	85.870	184	26	0	17443	17626	583161	583344	8.68e-46	204
tig00000008	CP078094.1	94.996	1379	63	5	16145	17520	561541	562916	0.0	2159
tig00000008	CP078094.1	93.079	419	27	2	24104	24521	563703	564120	1.22e-168	612
tig00000008	CP078094.1	90.932	397	35	1	17443	17838	562734	563130	9.75e-145	532
tig00000008	CP078094.1	84.429	289	45	0	15514	15802	560913	561201	3.01e-70	285
tig00000008	CP065211.1	95.000	1380	62	5	16145	17520	628349	629725	0.0	2159
tig00000008	CP065211.1	87.637	728	63	16	23798	24521	630524	631228	0.0	821
tig00000008	CP065211.1	92.947	397	27	1	17443	17838	629543	629939	4.44e-158	577
tig00000008	CP065211.1	84.429	289	45	0	15514	15802	627721	628009	3.01e-70	285
tig00000008	CP034949.1	93.287	1445	88	5	16079	17520	1061562	1060124	0.0	2122
tig00000008	CP034949.1	91.872	406	27	3	17446	17850	1060300	1059900	1.24e-153	562
tig00000008	CP034949.1	74.706	170	36	6	17454	17618	1060400	1060233	3.30e-05	69.4
tig00000008	CP019988.1	94.317	1390	71	6	16135	17520	380292	381677	0.0	2122
tig00000008	CP019988.1	91.228	399	34	1	17443	17840	381495	381893	1.62e-147	542
tig00000008	CP019988.1	84.265	483	53	12	23798	24279	382477	382937	1.01e-119	449
tig00000008	CP019988.1	94.554	202	11	0	24320	24521	382933	383134	1.38e-78	313
tig00000008	CP019988.1	84.083	289	46	0	15514	15802	379674	379962	1.40e-68	279
tig00000008	CP039729.1	92.913	1397	80	11	16135	17520	577544	578932	0.0	2013
tig00000008	CP039729.1	91.727	411	24	4	17437	17840	578795	579202	1.24e-153	562
tig00000008	CP039729.1	83.903	497	57	12	23784	24279	579767	580241	7.81e-121	453
tig00000008	CP039729.1	94.554	202	11	0	24320	24521	580237	580438	1.38e-78	313
tig00000008	CP039729.1	84.483	290	45	0	15513	15802	576925	577214	8.38e-71	287
tig00000008	CP040740.1	92.913	1397	80	11	16135	17520	578700	580088	0.0	2013
tig00000008	CP040740.1	91.727	411	24	4	17437	17840	579951	580358	1.24e-153	562
tig00000008	CP040740.1	83.903	497	57	12	23784	24279	580923	581397	7.81e-121	453
tig00000008	CP040740.1	93.564	202	13	0	24320	24521	581393	581594	2.99e-75	302
tig00000008	CP040740.1	84.483	290	45	0	15513	15802	578081	578370	8.38e-71	287
tig00000008	LR536640.1	93.027	1391	78	11	16144	17523	1889645	1888263	0.0	2013
tig00000008	LR536640.1	91.748	412	22	5	17446	17850	1888394	1887988	1.24e-153	562
tig00000008	LR536640.1	84.330	485	53	12	23796	24279	1887419	1886957	7.81e-121	453
tig00000008	LR536640.1	94.554	202	11	0	24320	24521	1886961	1886760	1.38e-78	313
tig00000008	LR536640.1	84.483	290	45	0	15513	15802	1890273	1889984	8.38e-71	287
tig00000008	LR135324.1	92.913	1397	80	11	16135	17520	553930	555318	0.0	2013
tig00000008	LR135324.1	91.727	411	24	4	17437	17840	555181	555588	1.24e-153	562
tig00000008	LR135324.1	83.903	497	57	12	23784	24279	556153	556627	7.81e-121	453
tig00000008	LR135324.1	94.554	202	11	0	24320	24521	556623	556824	1.38e-78	313
tig00000008	LR135324.1	84.483	290	45	0	15513	15802	553311	553600	8.38e-71	287
tig00000008	LR135317.1	92.913	1397	80	11	16135	17520	554091	555479	0.0	2013
tig00000008	LR135317.1	91.727	411	24	4	17437	17840	555342	555749	1.24e-153	562
tig00000008	LR135317.1	83.903	497	57	12	23784	24279	556314	556788	7.81e-121	453
tig00000008	LR135317.1	94.554	202	11	0	24320	24521	556784	556985	1.38e-78	313
tig00000008	LR135317.1	84.483	290	45	0	15513	15802	553472	553761	8.38e-71	287
tig00000008	LR135307.1	92.913	1397	80	11	16135	17520	620952	622340	0.0	2013
tig00000008	LR135307.1	91.727	411	24	4	17437	17840	622203	622610	1.24e-153	562
tig00000008	LR135307.1	83.903	497	57	12	23784	24279	623175	623649	7.81e-121	453
tig00000008	LR135307.1	94.554	202	11	0	24320	24521	623645	623846	1.38e-78	313
tig00000008	LR135307.1	84.483	290	45	0	15513	15802	620333	620622	8.38e-71	287
tig00000008	LR135254.1	92.913	1397	80	11	16135	17520	539418	540806	0.0	2013
tig00000008	LR135254.1	91.727	411	24	4	17437	17840	540669	541076	1.24e-153	562
tig00000008	LR135254.1	83.903	497	57	12	23784	24279	541641	542115	7.81e-121	453
tig00000008	LR135254.1	94.554	202	11	0	24320	24521	542111	542312	1.38e-78	313
tig00000008	LR135254.1	84.483	290	45	0	15513	15802	538799	539088	8.38e-71	287
tig00000008	LR135419.1	92.913	1397	80	11	16135	17520	598249	599637	0.0	2013
tig00000008	LR135419.1	91.727	411	24	4	17437	17840	599500	599907	1.24e-153	562
tig00000008	LR135419.1	83.903	497	57	12	23784	24279	600472	600946	7.81e-121	453
tig00000008	LR135419.1	94.059	202	12	0	24320	24521	600942	601143	6.43e-77	307
tig00000008	LR135419.1	84.483	290	45	0	15513	15802	597630	597919	8.38e-71	287
tig00000008	CP023423.1	92.913	1397	80	11	16135	17520	535004	536392	0.0	2013
tig00000008	CP023423.1	91.727	411	24	4	17437	17840	536255	536662	1.24e-153	562
tig00000008	CP023423.1	83.903	497	57	12	23784	24279	537227	537701	7.81e-121	453
tig00000008	CP023423.1	94.554	202	11	0	24320	24521	537697	537898	1.38e-78	313
tig00000008	CP023423.1	84.483	290	45	0	15513	15802	534385	534674	8.38e-71	287
tig00000008	CP012436.1	92.913	1397	80	11	16135	17520	796851	798239	0.0	2013
tig00000008	CP012436.1	84.747	1226	178	9	16079	17300	109684	110904	0.0	1219
tig00000008	CP012436.1	91.727	411	24	4	17437	17840	798102	798509	1.24e-153	562
tig00000008	CP012436.1	83.903	497	57	12	23784	24279	799074	799548	7.81e-121	453
tig00000008	CP012436.1	94.554	202	11	0	24320	24521	799544	799745	1.38e-78	313
tig00000008	CP012436.1	84.483	290	45	0	15513	15802	796232	796521	8.38e-71	287
tig00000008	LN999987.1	92.913	1397	80	11	16135	17520	551978	553366	0.0	2013
tig00000008	LN999987.1	91.727	411	24	4	17437	17840	553229	553636	1.24e-153	562
tig00000008	LN999987.1	83.903	497	57	12	23784	24279	554201	554675	7.81e-121	453
tig00000008	LN999987.1	94.554	202	11	0	24320	24521	554671	554872	1.38e-78	313
tig00000008	LN999987.1	84.483	290	45	0	15513	15802	551359	551648	8.38e-71	287
tig00000008	CP013994.1	93.027	1391	78	11	16144	17523	2191393	2190011	0.0	2013
tig00000008	CP013994.1	91.748	412	22	5	17446	17850	2190142	2189736	1.24e-153	562
tig00000008	CP013994.1	84.330	485	53	12	23796	24279	2189167	2188705	7.81e-121	453
tig00000008	CP013994.1	94.554	202	11	0	24320	24521	2188709	2188508	1.38e-78	313
tig00000008	CP013994.1	84.483	290	45	0	15513	15802	2192021	2191732	8.38e-71	287
tig00000008	AP026772.1	92.913	1397	80	11	16135	17520	554187	555575	0.0	2013
tig00000008	AP026772.1	91.727	411	24	4	17437	17840	555438	555845	1.24e-153	562
tig00000008	AP026772.1	94.554	202	11	0	24320	24521	558269	558470	1.38e-78	313
tig00000008	AP026772.1	84.407	295	45	1	23784	24077	556410	556704	2.33e-71	289
tig00000008	AP026772.1	84.483	290	45	0	15513	15802	553568	553857	8.38e-71	287
tig00000008	AP026772.1	91.713	181	14	1	24099	24279	558094	558273	1.10e-59	250
tig00000008	AP026666.1	93.027	1391	78	11	16144	17523	2272153	2270771	0.0	2013
tig00000008	AP026666.1	91.748	412	22	5	17446	17850	2270902	2270496	1.24e-153	562
tig00000008	AP026666.1	94.554	202	11	0	24320	24521	2269470	2269269	1.38e-78	313
tig00000008	AP026666.1	84.483	290	45	0	15513	15802	2272781	2272492	8.38e-71	287
tig00000008	AP026666.1	87.692	195	19	5	24088	24279	2269658	2269466	2.40e-51	222
tig00000008	AP026666.1	98.319	119	1	1	17649	17766	2269822	2269704	6.71e-47	207
tig00000008	AP026666.1	90.291	103	10	0	23796	23898	2269927	2269825	3.21e-25	135
tig00000008	AP026660.1	93.027	1391	78	11	16144	17523	2271263	2269881	0.0	2013
tig00000008	AP026660.1	91.748	412	22	5	17446	17850	2270012	2269606	1.24e-153	562
tig00000008	AP026660.1	94.554	202	11	0	24320	24521	2268581	2268380	1.38e-78	313
tig00000008	AP026660.1	84.483	290	45	0	15513	15802	2271891	2271602	8.38e-71	287
tig00000008	AP026660.1	90.722	194	15	3	24088	24279	2268769	2268577	2.36e-61	255
tig00000008	AP026655.1	93.027	1391	78	11	16144	17523	2273979	2272597	0.0	2013
tig00000008	AP026655.1	91.748	412	22	5	17446	17850	2272728	2272322	1.24e-153	562
tig00000008	AP026655.1	82.172	488	58	18	23796	24279	2271753	2271291	1.73e-102	392
tig00000008	AP026655.1	94.554	202	11	0	24320	24521	2271295	2271094	1.38e-78	313
tig00000008	AP026655.1	84.483	290	45	0	15513	15802	2274607	2274318	8.38e-71	287
tig00000008	AP026641.1	92.913	1397	80	11	16135	17520	545252	546640	0.0	2013
tig00000008	AP026641.1	91.505	412	23	6	17437	17840	546503	546910	5.78e-152	556
tig00000008	AP026641.1	94.554	202	11	0	24320	24521	547932	548133	1.38e-78	313
tig00000008	AP026641.1	84.483	290	45	0	15513	15802	544633	544922	8.38e-71	287
tig00000008	AP026641.1	90.722	194	15	3	24088	24279	547744	547936	2.36e-61	255
tig00000008	AP026641.1	88.050	159	17	2	24336	24493	547541	547698	8.74e-41	187
tig00000008	AP026628.1	92.913	1397	80	11	16135	17520	606394	607782	0.0	2013
tig00000008	AP026628.1	91.727	411	24	4	17437	17840	607645	608052	1.24e-153	562
tig00000008	AP026628.1	84.483	290	45	0	15513	15802	605775	606064	8.38e-71	287
tig00000008	AP026604.1	92.913	1397	80	11	16135	17520	545281	546669	0.0	2013
tig00000008	AP026604.1	91.727	411	24	4	17437	17840	546532	546939	1.24e-153	562
tig00000008	AP026604.1	80.478	502	65	18	23784	24279	547504	547978	8.14e-91	353
tig00000008	AP026604.1	94.554	202	11	0	24320	24521	547974	548175	1.38e-78	313
tig00000008	AP026604.1	84.483	290	45	0	15513	15802	544662	544951	8.38e-71	287
tig00000008	AP026604.1	95.349	43	2	0	17746	17788	547594	547636	3.30e-05	69.4
tig00000008	CP063633.1	92.913	1397	80	11	16135	17520	597869	599257	0.0	2013
tig00000008	CP063633.1	91.727	411	24	4	17437	17840	599120	599527	1.24e-153	562
tig00000008	CP063633.1	83.903	497	57	12	23784	24279	600092	600566	7.81e-121	453
tig00000008	CP063633.1	94.554	202	11	0	24320	24521	600562	600763	1.38e-78	313
tig00000008	CP063633.1	84.483	290	45	0	15513	15802	597250	597539	8.38e-71	287
tig00000008	CP063626.1	92.913	1397	80	11	16135	17520	566551	567939	0.0	2013
tig00000008	CP063626.1	91.727	411	24	4	17437	17840	567802	568209	1.24e-153	562
tig00000008	CP063626.1	83.903	497	57	12	23784	24279	568774	569248	7.81e-121	453
tig00000008	CP063626.1	94.554	202	11	0	24320	24521	569244	569445	1.38e-78	313
tig00000008	CP063626.1	84.483	290	45	0	15513	15802	565932	566221	8.38e-71	287
tig00000008	CP063562.1	92.913	1397	80	11	16135	17520	600256	601644	0.0	2013
tig00000008	CP063562.1	91.727	411	24	4	17437	17840	601507	601914	1.24e-153	562
tig00000008	CP063562.1	83.903	497	57	12	23784	24279	602479	602953	7.81e-121	453
tig00000008	CP063562.1	94.554	202	11	0	24320	24521	602949	603150	1.38e-78	313
tig00000008	CP063562.1	84.483	290	45	0	15513	15802	599637	599926	8.38e-71	287
tig00000008	CP063618.1	92.913	1397	80	11	16135	17520	611452	612840	0.0	2013
tig00000008	CP063618.1	91.727	411	24	4	17437	17840	612703	613110	1.24e-153	562
tig00000008	CP063618.1	83.903	497	57	12	23784	24279	613675	614149	7.81e-121	453
tig00000008	CP063618.1	94.554	202	11	0	24320	24521	614145	614346	1.38e-78	313
tig00000008	CP063618.1	84.483	290	45	0	15513	15802	610833	611122	8.38e-71	287
tig00000008	CP063611.1	92.913	1397	80	11	16135	17520	597856	599244	0.0	2013
tig00000008	CP063611.1	91.727	411	24	4	17437	17840	599107	599514	1.24e-153	562
tig00000008	CP063611.1	83.903	497	57	12	23784	24279	600079	600553	7.81e-121	453
tig00000008	CP063611.1	94.554	202	11	0	24320	24521	600549	600750	1.38e-78	313
tig00000008	CP063611.1	84.483	290	45	0	15513	15802	597237	597526	8.38e-71	287
tig00000008	CP063574.1	92.913	1397	80	11	16135	17520	546883	548271	0.0	2013
tig00000008	CP063574.1	91.727	411	24	4	17437	17840	548134	548541	1.24e-153	562
tig00000008	CP063574.1	83.903	497	57	12	23784	24279	549106	549580	7.81e-121	453
tig00000008	CP063574.1	94.554	202	11	0	24320	24521	549576	549777	1.38e-78	313
tig00000008	CP063574.1	84.483	290	45	0	15513	15802	546264	546553	8.38e-71	287
tig00000008	CP063537.1	92.913	1397	80	11	16135	17520	546887	548275	0.0	2013
tig00000008	CP063537.1	91.727	411	24	4	17437	17840	548138	548545	1.24e-153	562
tig00000008	CP063537.1	83.903	497	57	12	23784	24279	549110	549584	7.81e-121	453
tig00000008	CP063537.1	94.554	202	11	0	24320	24521	549580	549781	1.38e-78	313
tig00000008	CP063537.1	84.483	290	45	0	15513	15802	546268	546557	8.38e-71	287
tig00000008	CP063283.1	92.913	1397	80	11	16135	17520	542643	544031	0.0	2013
tig00000008	CP063283.1	91.727	411	24	4	17437	17840	543894	544301	1.24e-153	562
tig00000008	CP063283.1	83.903	497	57	12	23784	24279	544866	545340	7.81e-121	453
tig00000008	CP063283.1	94.554	202	11	0	24320	24521	545336	545537	1.38e-78	313
tig00000008	CP063283.1	84.483	290	45	0	15513	15802	542024	542313	8.38e-71	287
tig00000008	CP093947.1	92.913	1397	80	11	16135	17520	558913	560301	0.0	2013
tig00000008	CP093947.1	91.727	411	24	4	17437	17840	560164	560571	1.24e-153	562
tig00000008	CP093947.1	94.554	202	11	0	24320	24521	562938	563139	1.38e-78	313
tig00000008	CP093947.1	84.407	295	45	1	23784	24077	561136	561430	2.33e-71	289
tig00000008	CP093947.1	84.483	290	45	0	15513	15802	558294	558583	8.38e-71	287
tig00000008	CP093947.1	91.713	181	14	1	24099	24279	562763	562942	1.10e-59	250
tig00000008	CP093953.1	92.913	1397	80	11	16135	17520	560647	562035	0.0	2013
tig00000008	CP093953.1	91.727	411	24	4	17437	17840	561898	562305	1.24e-153	562
tig00000008	CP093953.1	94.554	202	11	0	24320	24521	564672	564873	1.38e-78	313
tig00000008	CP093953.1	84.407	295	45	1	23784	24077	562870	563164	2.33e-71	289
tig00000008	CP093953.1	84.483	290	45	0	15513	15802	560028	560317	8.38e-71	287
tig00000008	CP093953.1	91.713	181	14	1	24099	24279	564497	564676	1.10e-59	250
tig00000008	CP091301.1	92.913	1397	80	11	16135	17520	2532993	2534381	0.0	2013
tig00000008	CP091301.1	91.727	411	24	4	17437	17840	2534244	2534651	1.24e-153	562
tig00000008	CP091301.1	83.903	497	57	12	23784	24279	2535216	2535690	7.81e-121	453
tig00000008	CP091301.1	94.554	202	11	0	24320	24521	2535686	2535887	1.38e-78	313
tig00000008	CP091301.1	84.483	290	45	0	15513	15802	2532374	2532663	8.38e-71	287
tig00000008	CP083473.1	92.913	1397	80	11	16135	17520	560639	562027	0.0	2013
tig00000008	CP083473.1	91.727	411	24	4	17437	17840	561890	562297	1.24e-153	562
tig00000008	CP083473.1	94.554	202	11	0	24320	24521	564664	564865	1.38e-78	313
tig00000008	CP083473.1	84.407	295	45	1	23784	24077	562862	563156	2.33e-71	289
tig00000008	CP083473.1	84.483	290	45	0	15513	15802	560020	560309	8.38e-71	287
tig00000008	CP083473.1	91.713	181	14	1	24099	24279	564489	564668	1.10e-59	250
tig00000008	OU015350.1	92.913	1397	80	11	16135	17520	538370	539758	0.0	2013
tig00000008	OU015350.1	91.727	411	24	4	17437	17840	539621	540028	1.24e-153	562
tig00000008	OU015350.1	83.702	497	57	12	23784	24279	540592	541065	3.63e-119	448
tig00000008	OU015350.1	94.554	202	11	0	24320	24521	541061	541262	1.38e-78	313
tig00000008	OU015350.1	84.483	290	45	0	15513	15802	537751	538040	8.38e-71	287
tig00000008	OU015345.1	93.027	1391	78	11	16144	17523	2073451	2072069	0.0	2013
tig00000008	OU015345.1	91.748	412	22	5	17446	17850	2072200	2071794	1.24e-153	562
tig00000008	OU015345.1	84.330	485	53	12	23796	24279	2071225	2070763	7.81e-121	453
tig00000008	OU015345.1	94.554	202	11	0	24320	24521	2070767	2070566	1.38e-78	313
tig00000008	OU015345.1	84.483	290	45	0	15513	15802	2074079	2073790	8.38e-71	287
tig00000008	CP003583.1	92.913	1397	80	11	16135	17520	582266	583654	0.0	2013
tig00000008	CP003583.1	83.903	497	57	12	23784	24279	584435	584909	7.81e-121	453
tig00000008	CP003583.1	92.667	300	21	1	17542	17840	583571	583870	3.66e-114	431
tig00000008	CP003583.1	94.554	202	11	0	24320	24521	584905	585106	1.38e-78	313
tig00000008	CP003583.1	84.483	290	45	0	15513	15802	581647	581936	8.38e-71	287
tig00000008	CP003583.1	91.667	84	7	0	17437	17520	583517	583600	1.16e-19	117
tig00000008	CP041261.3	92.627	1397	84	11	16135	17520	542498	543886	0.0	1991
tig00000008	CP041261.3	96.333	300	10	1	17542	17840	543803	544102	1.65e-132	492
tig00000008	CP041261.3	83.903	497	57	12	23784	24279	544667	545141	7.81e-121	453
tig00000008	CP041261.3	94.554	202	11	0	24320	24521	545137	545338	1.38e-78	313
tig00000008	CP041261.3	84.483	290	45	0	15513	15802	541879	542168	8.38e-71	287
tig00000008	CP041261.3	91.667	84	7	0	17437	17520	543749	543832	1.16e-19	117
tig00000008	CP041270.2	92.627	1397	84	11	16135	17520	542498	543886	0.0	1991
tig00000008	CP041270.2	96.333	300	10	1	17542	17840	543803	544102	1.65e-132	492
tig00000008	CP041270.2	83.903	497	57	12	23784	24279	544667	545141	7.81e-121	453
tig00000008	CP041270.2	94.554	202	11	0	24320	24521	545137	545338	1.38e-78	313
tig00000008	CP041270.2	84.483	290	45	0	15513	15802	541879	542168	8.38e-71	287
tig00000008	CP041270.2	91.667	84	7	0	17437	17520	543749	543832	1.16e-19	117
tig00000008	LR135401.1	92.795	1388	81	11	16144	17520	2188699	2187320	0.0	1991
tig00000008	LR135401.1	97.010	301	6	2	17551	17850	2187394	2187096	7.64e-136	503
tig00000008	LR135401.1	94.554	202	11	0	24320	24521	2185871	2185670	1.38e-78	313
tig00000008	LR135401.1	84.429	289	45	0	15514	15802	2189326	2189038	3.01e-70	285
tig00000008	LR135401.1	90.206	194	16	3	24088	24279	2186059	2185867	1.10e-59	250
tig00000008	LR135401.1	86.512	215	28	1	23798	24011	2186520	2186306	3.08e-55	235
tig00000008	LR135401.1	93.590	78	5	0	17446	17523	2187448	2187371	1.16e-19	117
tig00000008	LR135394.1	92.795	1388	81	11	16144	17520	2154471	2153092	0.0	1991
tig00000008	LR135394.1	97.010	301	6	2	17551	17850	2153166	2152868	7.64e-136	503
tig00000008	LR135394.1	94.554	202	11	0	24320	24521	2151643	2151442	1.38e-78	313
tig00000008	LR135394.1	84.429	289	45	0	15514	15802	2155098	2154810	3.01e-70	285
tig00000008	LR135394.1	90.206	194	16	3	24088	24279	2151831	2151639	1.10e-59	250
tig00000008	LR135394.1	86.512	215	28	1	23798	24011	2152292	2152078	3.08e-55	235
tig00000008	LR135394.1	93.590	78	5	0	17446	17523	2153220	2153143	1.16e-19	117
tig00000008	LR135384.1	92.795	1388	81	11	16144	17520	2184644	2183265	0.0	1991
tig00000008	LR135384.1	97.010	301	6	2	17551	17850	2183339	2183041	7.64e-136	503
tig00000008	LR135384.1	94.554	202	11	0	24320	24521	2181816	2181615	1.38e-78	313
tig00000008	LR135384.1	84.429	289	45	0	15514	15802	2185271	2184983	3.01e-70	285
tig00000008	LR135384.1	90.206	194	16	3	24088	24279	2182004	2181812	1.10e-59	250
tig00000008	LR135384.1	86.512	215	28	1	23798	24011	2182465	2182251	3.08e-55	235
tig00000008	LR135384.1	93.590	78	5	0	17446	17523	2183393	2183316	1.16e-19	117
tig00000008	LR135414.1	92.795	1388	81	11	16144	17520	2188707	2187328	0.0	1991
tig00000008	LR135414.1	97.010	301	6	2	17551	17850	2187402	2187104	7.64e-136	503
tig00000008	LR135414.1	94.554	202	11	0	24320	24521	2185879	2185678	1.38e-78	313
tig00000008	LR135414.1	84.429	289	45	0	15514	15802	2189334	2189046	3.01e-70	285
tig00000008	LR135414.1	90.206	194	16	3	24088	24279	2186067	2185875	1.10e-59	250
tig00000008	LR135414.1	86.512	215	28	1	23798	24011	2186528	2186314	3.08e-55	235
tig00000008	LR135414.1	93.590	78	5	0	17446	17523	2187456	2187379	1.16e-19	117
tig00000008	LR135408.1	92.795	1388	81	11	16144	17520	2184525	2183146	0.0	1991
tig00000008	LR135408.1	97.010	301	6	2	17551	17850	2183220	2182922	7.64e-136	503
tig00000008	LR135408.1	94.554	202	11	0	24320	24521	2181697	2181496	1.38e-78	313
tig00000008	LR135408.1	84.429	289	45	0	15514	15802	2185152	2184864	3.01e-70	285
tig00000008	LR135408.1	90.206	194	16	3	24088	24279	2181885	2181693	1.10e-59	250
tig00000008	LR135408.1	86.512	215	28	1	23798	24011	2182346	2182132	3.08e-55	235
tig00000008	LR135408.1	93.590	78	5	0	17446	17523	2183274	2183197	1.16e-19	117
tig00000008	CP072707.1	92.579	1388	84	11	16144	17520	529291	527912	0.0	1975
tig00000008	CP072707.1	97.010	301	6	2	17551	17850	527986	527688	7.64e-136	503
tig00000008	CP072707.1	94.554	202	11	0	24320	24521	526463	526262	1.38e-78	313
tig00000008	CP072707.1	84.429	289	45	0	15514	15802	529918	529630	3.01e-70	285
tig00000008	CP072707.1	89.691	194	17	3	24088	24279	526651	526459	5.11e-58	244
tig00000008	CP072707.1	86.512	215	28	1	23798	24011	527112	526898	3.08e-55	235
tig00000008	CP072707.1	93.590	78	5	0	17446	17523	528040	527963	1.16e-19	117
tig00000008	CP062265.1	92.579	1388	84	11	16144	17520	529291	527912	0.0	1975
tig00000008	CP062265.1	97.010	301	6	2	17551	17850	527986	527688	7.64e-136	503
tig00000008	CP062265.1	94.554	202	11	0	24320	24521	526463	526262	1.38e-78	313
tig00000008	CP062265.1	84.429	289	45	0	15514	15802	529918	529630	3.01e-70	285
tig00000008	CP062265.1	89.691	194	17	3	24088	24279	526651	526459	5.11e-58	244
tig00000008	CP062265.1	86.512	215	28	1	23798	24011	527112	526898	3.08e-55	235
tig00000008	CP062265.1	93.590	78	5	0	17446	17523	528040	527963	1.16e-19	117
tig00000008	CP059816.1	92.579	1388	84	11	16144	17520	2063297	2061918	0.0	1975
tig00000008	CP059816.1	97.010	301	6	2	17551	17850	2061992	2061694	7.64e-136	503
tig00000008	CP059816.1	94.554	202	11	0	24320	24521	2060469	2060268	1.38e-78	313
tig00000008	CP059816.1	84.429	289	45	0	15514	15802	2063924	2063636	3.01e-70	285
tig00000008	CP059816.1	89.691	194	17	3	24088	24279	2060657	2060465	5.11e-58	244
tig00000008	CP059816.1	86.512	215	28	1	23798	24011	2061118	2060904	3.08e-55	235
tig00000008	CP059816.1	93.590	78	5	0	17446	17523	2062046	2061969	1.16e-19	117
tig00000008	CP059793.1	92.579	1388	84	11	16144	17520	529291	527912	0.0	1975
tig00000008	CP059793.1	97.010	301	6	2	17551	17850	527986	527688	7.64e-136	503
tig00000008	CP059793.1	94.554	202	11	0	24320	24521	526463	526262	1.38e-78	313
tig00000008	CP059793.1	84.429	289	45	0	15514	15802	529918	529630	3.01e-70	285
tig00000008	CP059793.1	89.691	194	17	3	24088	24279	526651	526459	5.11e-58	244
tig00000008	CP059793.1	86.512	215	28	1	23798	24011	527112	526898	3.08e-55	235
tig00000008	CP059793.1	93.590	78	5	0	17446	17523	528040	527963	1.16e-19	117
tig00000008	CP059747.1	92.579	1388	84	11	16144	17520	2052871	2051492	0.0	1975
tig00000008	CP059747.1	97.010	301	6	2	17551	17850	2051566	2051268	7.64e-136	503
tig00000008	CP059747.1	94.554	202	11	0	24320	24521	2050043	2049842	1.38e-78	313
tig00000008	CP059747.1	84.429	289	45	0	15514	15802	2053498	2053210	3.01e-70	285
tig00000008	CP059747.1	89.691	194	17	3	24088	24279	2050231	2050039	5.11e-58	244
tig00000008	CP059747.1	86.512	215	28	1	23798	24011	2050692	2050478	3.08e-55	235
tig00000008	CP059747.1	93.590	78	5	0	17446	17523	2051620	2051543	1.16e-19	117
tig00000008	CP059739.1	92.579	1388	84	11	16144	17520	2013101	2011722	0.0	1975
tig00000008	CP059739.1	97.010	301	6	2	17551	17850	2011796	2011498	7.64e-136	503
tig00000008	CP059739.1	94.554	202	11	0	24320	24521	2010273	2010072	1.38e-78	313
tig00000008	CP059739.1	84.429	289	45	0	15514	15802	2013728	2013440	3.01e-70	285
tig00000008	CP059739.1	89.691	194	17	3	24088	24279	2010461	2010269	5.11e-58	244
tig00000008	CP059739.1	86.512	215	28	1	23798	24011	2010922	2010708	3.08e-55	235
tig00000008	CP059739.1	93.590	78	5	0	17446	17523	2011850	2011773	1.16e-19	117
tig00000008	CP019970.1	86.966	1780	196	28	16084	17840	2560611	2562377	0.0	1969
tig00000008	LN999844.1	92.386	1379	99	4	16145	17520	547760	549135	0.0	1960
tig00000008	LN999844.1	86.915	726	69	16	23798	24521	549935	550636	0.0	791
tig00000008	LN999844.1	92.947	397	27	1	17443	17838	548953	549349	4.44e-158	577
tig00000008	LN999844.1	84.429	289	45	0	15514	15802	547132	547420	3.01e-70	285
tig00000008	LR135435.1	98.551	1104	10	5	16758	17857	578510	579611	0.0	1945
tig00000008	LR135435.1	87.448	725	67	13	23798	24521	580177	580878	0.0	813
tig00000008	LR135435.1	88.007	542	57	6	16135	16672	577983	578520	2.60e-175	634
tig00000008	LR135435.1	84.429	289	45	0	15514	15802	577365	577653	3.01e-70	285
tig00000008	LR135435.1	84.699	183	28	0	17443	17625	579090	579272	1.13e-39	183
tig00000008	CP016163.1	92.000	1375	77	9	16145	17513	475756	477103	0.0	1899
tig00000008	CP016163.1	93.035	402	27	1	17443	17843	476928	477329	7.38e-161	586
tig00000008	CP016163.1	90.345	290	28	0	15513	15802	475127	475416	3.74e-99	381
tig00000008	CP064443.1	92.000	1375	77	9	16145	17513	2703327	2701980	0.0	1899
tig00000008	CP064443.1	93.233	399	26	1	17446	17843	2702152	2701754	7.38e-161	586
tig00000008	CP064443.1	90.345	290	28	0	15513	15802	2703956	2703667	3.74e-99	381
tig00000008	CP064424.1	92.000	1375	77	9	16145	17513	2652137	2650790	0.0	1899
tig00000008	CP064424.1	93.233	399	26	1	17446	17843	2650962	2650564	7.38e-161	586
tig00000008	CP064424.1	90.345	290	28	0	15513	15802	2652766	2652477	3.74e-99	381
tig00000008	CP064432.1	92.000	1375	77	9	16145	17513	1722596	1721249	0.0	1899
tig00000008	CP064432.1	93.233	399	26	1	17446	17843	1721421	1721023	7.38e-161	586
tig00000008	CP064432.1	90.345	290	28	0	15513	15802	1723225	1722936	3.74e-99	381
tig00000008	CP066730.1	92.000	1375	77	9	16145	17513	2804095	2802748	0.0	1899
tig00000008	CP066730.1	93.233	399	26	1	17446	17843	2802920	2802522	7.38e-161	586
tig00000008	CP066730.1	90.345	290	28	0	15513	15802	2804724	2804435	3.74e-99	381
tig00000008	CP066622.1	92.000	1375	77	9	16145	17513	2733958	2732611	0.0	1899
tig00000008	CP066622.1	93.233	399	26	1	17446	17843	2732783	2732385	7.38e-161	586
tig00000008	CP066622.1	90.345	290	28	0	15513	15802	2734587	2734298	3.74e-99	381
tig00000008	CP066637.1	92.000	1375	77	9	16145	17513	2836723	2835376	0.0	1899
tig00000008	CP066637.1	93.233	399	26	1	17446	17843	2835548	2835150	7.38e-161	586
tig00000008	CP066637.1	90.345	290	28	0	15513	15802	2837352	2837063	3.74e-99	381
tig00000008	CP066645.1	92.000	1375	77	9	16145	17513	2735200	2733853	0.0	1899
tig00000008	CP066645.1	93.233	399	26	1	17446	17843	2734025	2733627	7.38e-161	586
tig00000008	CP066645.1	90.345	290	28	0	15513	15802	2735829	2735540	3.74e-99	381
tig00000008	CP066606.1	92.000	1375	77	9	16145	17513	2687854	2686507	0.0	1899
tig00000008	CP066606.1	93.233	399	26	1	17446	17843	2686679	2686281	7.38e-161	586
tig00000008	CP066606.1	90.345	290	28	0	15513	15802	2688483	2688194	3.74e-99	381
tig00000008	CP066614.1	92.000	1375	77	9	16145	17513	2687854	2686507	0.0	1899
tig00000008	CP066614.1	93.233	399	26	1	17446	17843	2686679	2686281	7.38e-161	586
tig00000008	CP066614.1	90.345	290	28	0	15513	15802	2688483	2688194	3.74e-99	381
tig00000008	CP066591.1	92.000	1375	77	9	16145	17513	2737009	2735662	0.0	1899
tig00000008	CP066591.1	93.233	399	26	1	17446	17843	2735834	2735436	7.38e-161	586
tig00000008	CP066591.1	90.345	290	28	0	15513	15802	2737638	2737349	3.74e-99	381
tig00000008	CP066576.1	92.000	1375	77	9	16145	17513	2823285	2821938	0.0	1899
tig00000008	CP066576.1	93.233	399	26	1	17446	17843	2822110	2821712	7.38e-161	586
tig00000008	CP066576.1	90.345	290	28	0	15513	15802	2823914	2823625	3.74e-99	381
tig00000008	CP066583.1	92.000	1375	77	9	16145	17513	2738982	2737635	0.0	1899
tig00000008	CP066583.1	93.233	399	26	1	17446	17843	2737807	2737409	7.38e-161	586
tig00000008	CP066583.1	90.345	290	28	0	15513	15802	2739611	2739322	3.74e-99	381
tig00000008	CP066568.1	92.000	1375	77	9	16145	17513	2776236	2774889	0.0	1899
tig00000008	CP066568.1	93.233	399	26	1	17446	17843	2775061	2774663	7.38e-161	586
tig00000008	CP066568.1	90.345	290	28	0	15513	15802	2776865	2776576	3.74e-99	381
tig00000008	CP066480.1	92.000	1375	77	9	16145	17513	2743224	2741877	0.0	1899
tig00000008	CP066480.1	93.233	399	26	1	17446	17843	2742049	2741651	7.38e-161	586
tig00000008	CP066480.1	90.345	290	28	0	15513	15802	2743853	2743564	3.74e-99	381
tig00000008	CP066427.1	92.000	1375	77	9	16145	17513	2747047	2745700	0.0	1899
tig00000008	CP066427.1	93.233	399	26	1	17446	17843	2745872	2745474	7.38e-161	586
tig00000008	CP066427.1	90.345	290	28	0	15513	15802	2747676	2747387	3.74e-99	381
tig00000008	CP066409.1	92.000	1375	77	9	16145	17513	2772443	2771096	0.0	1899
tig00000008	CP066409.1	93.233	399	26	1	17446	17843	2771268	2770870	7.38e-161	586
tig00000008	CP066409.1	90.345	290	28	0	15513	15802	2773072	2772783	3.74e-99	381
tig00000008	CP066396.1	92.000	1375	77	9	16145	17513	2778195	2776848	0.0	1899
tig00000008	CP066396.1	93.233	399	26	1	17446	17843	2777020	2776622	7.38e-161	586
tig00000008	CP066396.1	90.345	290	28	0	15513	15802	2778824	2778535	3.74e-99	381
tig00000008	CP066443.1	92.000	1375	77	9	16145	17513	2766622	2765275	0.0	1899
tig00000008	CP066443.1	93.233	399	26	1	17446	17843	2765447	2765049	7.38e-161	586
tig00000008	CP066443.1	90.345	290	28	0	15513	15802	2767251	2766962	3.74e-99	381
tig00000008	CP066451.1	92.000	1375	77	9	16145	17513	2730067	2728720	0.0	1899
tig00000008	CP066451.1	93.233	399	26	1	17446	17843	2728892	2728494	7.38e-161	586
tig00000008	CP066451.1	90.345	290	28	0	15513	15802	2730696	2730407	3.74e-99	381
tig00000008	CP066434.1	92.000	1375	77	9	16145	17513	2735347	2734000	0.0	1899
tig00000008	CP066434.1	93.233	399	26	1	17446	17843	2734172	2733774	7.38e-161	586
tig00000008	CP066434.1	90.345	290	28	0	15513	15802	2735976	2735687	3.74e-99	381
tig00000008	CP066466.1	92.000	1375	77	9	16145	17513	2758630	2757283	0.0	1899
tig00000008	CP066466.1	93.233	399	26	1	17446	17843	2757455	2757057	7.38e-161	586
tig00000008	CP066466.1	90.345	290	28	0	15513	15802	2759259	2758970	3.74e-99	381
tig00000008	CP065928.1	92.000	1375	77	9	16145	17513	1560107	1561454	0.0	1899
tig00000008	CP065928.1	93.035	402	27	1	17443	17843	1561279	1561680	7.38e-161	586
tig00000008	CP065928.1	90.345	290	28	0	15513	15802	1559478	1559767	3.74e-99	381
tig00000008	CP065547.1	92.000	1375	77	9	16145	17513	2735021	2733674	0.0	1899
tig00000008	CP065547.1	93.233	399	26	1	17446	17843	2733846	2733448	7.38e-161	586
tig00000008	CP065547.1	90.345	290	28	0	15513	15802	2735650	2735361	3.74e-99	381
tig00000008	CP064279.1	91.933	1376	77	10	16145	17513	2265901	2264553	0.0	1895
tig00000008	CP064279.1	92.982	399	26	2	17446	17843	2264725	2264328	3.43e-159	580
tig00000008	CP064279.1	90.345	290	28	0	15513	15802	2266530	2266241	3.74e-99	381
tig00000008	CP066415.1	91.927	1375	78	9	16145	17513	2769135	2767788	0.0	1893
tig00000008	CP066415.1	93.233	399	26	1	17446	17843	2767960	2767562	7.38e-161	586
tig00000008	CP066415.1	90.345	290	28	0	15513	15802	2769764	2769475	3.74e-99	381
tig00000008	CP072894.1	92.273	1346	71	9	16145	17484	2519931	2518613	0.0	1879
tig00000008	CP072894.1	90.345	290	28	0	15513	15802	2521929	2521640	3.74e-99	381
tig00000008	CP025389.1	96.568	1078	32	3	16777	17850	2759457	2760533	0.0	1781
tig00000008	CP025389.1	86.714	1272	154	12	16079	17341	1312374	1311109	0.0	1399
tig00000008	CP025389.1	89.481	713	45	8	16145	16854	2758672	2759357	0.0	874
tig00000008	CP025389.1	90.345	290	28	0	15513	15802	2758043	2758332	3.74e-99	381
tig00000008	CP025389.1	89.697	165	17	0	15514	15678	1312951	1312787	5.19e-48	211
tig00000008	CP025389.1	83.607	183	30	0	17338	17520	2760126	2760308	2.45e-36	172
tig00000008	CP025389.1	95.349	86	4	0	14012	14097	2090193	2090108	8.93e-26	137
tig00000008	CP029066.1	88.192	1499	158	14	16080	17572	2392307	2390822	0.0	1770
tig00000008	CP029066.1	91.667	312	16	7	17542	17850	2390903	2390599	6.12e-112	424
tig00000008	CP029066.1	80.469	128	25	0	17341	17468	2390948	2390821	4.21e-14	99.0
tig00000008	CP023011.2	83.658	1799	245	40	16080	17850	86298	84521	0.0	1648
tig00000008	CP116517.1	83.734	1789	244	39	16080	17840	545023	546792	0.0	1648
tig00000008	CP038995.1	83.678	1789	245	39	16080	17840	541780	543549	0.0	1642
tig00000008	CP050490.1	89.478	1226	127	2	16084	17308	546438	547662	0.0	1548
tig00000008	CP050490.1	87.310	725	67	14	23798	24521	548567	549267	0.0	806
tig00000008	CP050490.1	96.907	388	11	1	17454	17840	547595	547982	9.28e-180	649
tig00000008	CP068128.1	89.396	1226	128	2	16084	17308	912296	913520	0.0	1543
tig00000008	CP068128.1	87.310	725	67	14	23798	24521	914424	915124	0.0	806
tig00000008	CP068128.1	96.907	388	11	1	17454	17840	913453	913840	9.28e-180	649
tig00000008	CP110360.1	90.870	1172	74	9	16145	17310	2563096	2561952	0.0	1541
tig00000008	CP110360.1	97.698	391	8	1	17454	17843	2562021	2561631	0.0	671
tig00000008	CP110360.1	90.000	290	29	0	15513	15802	2565094	2564805	1.74e-97	375
tig00000008	CP097022.1	90.870	1172	74	9	16145	17310	2618627	2617483	0.0	1541
tig00000008	CP097022.1	97.698	391	8	1	17454	17843	2617552	2617162	0.0	671
tig00000008	CP097022.1	90.000	290	29	0	15513	15802	2620625	2620336	1.74e-97	375
tig00000008	CP065764.1	90.870	1172	74	9	16145	17310	2499351	2500495	0.0	1541
tig00000008	CP065764.1	97.698	391	8	1	17454	17843	2500426	2500816	0.0	671
tig00000008	CP065764.1	90.000	290	29	0	15513	15802	2497353	2497642	1.74e-97	375
tig00000008	CP066212.1	90.870	1172	74	9	16145	17310	208009	209153	0.0	1541
tig00000008	CP066212.1	97.449	392	8	2	17454	17843	209084	209475	0.0	667
tig00000008	CP066212.1	90.000	290	29	0	15513	15802	206012	206301	1.74e-97	375
tig00000008	CP065767.1	90.870	1172	74	9	16145	17310	2642812	2641668	0.0	1541
tig00000008	CP065767.1	97.698	391	8	1	17454	17843	2641737	2641347	0.0	671
tig00000008	CP065767.1	90.000	290	29	0	15513	15802	2644810	2644521	1.74e-97	375
tig00000008	CP040849.1	94.592	906	43	4	16145	17047	2046051	2046953	0.0	1397
tig00000008	CP040849.1	84.429	289	45	0	15514	15802	2045423	2045711	3.01e-70	285
tig00000008	CP040849.1	94.872	156	6	2	24368	24521	2046948	2047103	1.84e-57	243
tig00000008	CP101669.1	81.993	1616	244	39	16080	17667	2617652	2619248	0.0	1328
tig00000008	CP101669.1	98.113	53	1	0	24469	24521	2619248	2619300	1.96e-12	93.5
tig00000008	CP081846.1	86.215	1226	158	11	16080	17300	2753918	2752699	0.0	1317
tig00000008	CP040236.1	86.134	1226	159	11	16080	17300	61911	60692	0.0	1312
tig00000008	CP072586.1	86.134	1226	159	11	16080	17300	2714268	2713049	0.0	1312
tig00000008	CP025077.1	85.738	1227	162	13	16080	17300	2059301	2058082	0.0	1284
tig00000008	LR994474.1	92.172	907	65	4	16145	17048	575809	576712	0.0	1277
tig00000008	LR994474.1	84.083	289	46	0	15514	15802	575178	575466	1.40e-68	279
tig00000008	CP040706.1	84.829	1226	178	8	16079	17300	1633944	1632723	0.0	1227
tig00000008	CP025754.1	84.829	1226	178	8	16079	17300	1178621	1179842	0.0	1227
tig00000008	CP023808.1	84.829	1226	178	8	16079	17300	2787951	2786730	0.0	1227
tig00000008	CP023804.1	84.829	1226	178	8	16079	17300	2787394	2786173	0.0	1227
tig00000008	CP023799.1	84.829	1226	178	8	16079	17300	2784664	2783443	0.0	1227
tig00000008	CP023794.1	84.829	1226	178	8	16079	17300	2786061	2784840	0.0	1227
tig00000008	CP023789.1	84.829	1226	178	8	16079	17300	2786099	2784878	0.0	1227
tig00000008	CP023784.1	84.829	1226	178	8	16079	17300	2787604	2786383	0.0	1227
tig00000008	CP023780.1	84.829	1226	178	8	16079	17300	2781625	2780404	0.0	1227
tig00000008	CP017787.1	84.829	1226	178	8	16079	17300	2786704	2785483	0.0	1227
tig00000008	CP017797.1	84.829	1226	178	8	16079	17300	2786704	2785483	0.0	1227
tig00000008	CP017792.1	84.829	1226	178	8	16079	17300	2786704	2785483	0.0	1227
tig00000008	CP018830.1	84.829	1226	178	8	16079	17300	2720934	2719713	0.0	1227
tig00000008	CP018828.1	84.829	1226	178	8	16079	17300	2726329	2725108	0.0	1227
tig00000008	CP012471.1	84.829	1226	178	8	16079	17300	2339889	2341110	0.0	1227
tig00000008	CP012460.1	84.829	1226	178	8	16079	17300	2418419	2419640	0.0	1227
tig00000008	CP012454.1	84.829	1226	178	8	16079	17300	347607	348828	0.0	1227
tig00000008	CP012440.1	84.829	1226	178	8	16079	17300	1539327	1538106	0.0	1227
tig00000008	CP011281.1	84.829	1226	178	8	16079	17300	2708435	2707214	0.0	1227
tig00000008	CP092583.1	84.829	1226	178	8	16079	17300	2879538	2878317	0.0	1227
tig00000008	CP092569.1	84.829	1226	178	8	16079	17300	2782205	2780984	0.0	1227
tig00000008	CP076483.1	84.829	1226	178	8	16079	17300	2758224	2757003	0.0	1227
tig00000008	CP076477.1	84.829	1226	178	8	16079	17300	2758223	2757002	0.0	1227
tig00000008	CP076471.1	84.829	1226	178	8	16079	17300	2758227	2757006	0.0	1227
tig00000008	CP066421.1	84.829	1226	178	8	16079	17300	2796325	2795104	0.0	1227
tig00000008	CP091221.1	81.974	1459	232	28	16080	17520	632133	633578	0.0	1208
tig00000008	CP091221.1	97.651	298	6	1	17544	17840	633497	633794	4.57e-138	510
tig00000008	CP091221.1	93.427	213	13	1	24310	24521	634821	635033	3.84e-79	315
tig00000008	CP072878.1	90.526	855	75	4	16079	16930	687234	688085	0.0	1125
tig00000008	CP022930.1	78.061	1217	225	31	16096	17300	1638454	1639640	0.0	730
tig00000008	CP025425.1	77.814	1217	228	31	16096	17300	575046	576232	0.0	713
tig00000008	CP073071.1	74.200	1000	215	37	7754	8735	30529	29555	4.83e-98	377
tig00000008	CP073071.1	77.297	185	39	2	16981	17162	24117	23933	2.52e-16	106
tig00000008	LC495616.1	93.578	218	14	0	24304	24521	136874	137091	1.78e-82	326
tig00000008	CP044282.1	93.578	218	14	0	24304	24521	1096	879	1.78e-82	326
tig00000008	LR135393.1	93.578	218	14	0	24304	24521	844	627	1.78e-82	326
tig00000008	LR135302.1	93.578	218	14	0	24304	24521	6928	7145	1.78e-82	326
tig00000008	LR135200.1	93.578	218	14	0	24304	24521	1170	1387	1.78e-82	326
tig00000008	LR135442.1	93.578	218	14	0	24304	24521	1668	1885	1.78e-82	326
tig00000008	LR135178.1	93.578	218	14	0	24304	24521	504	287	1.78e-82	326
tig00000008	LT986680.1	93.578	218	14	0	24304	24521	33051	32834	1.78e-82	326
tig00000008	CP019995.1	93.578	218	14	0	24304	24521	43075	42858	1.78e-82	326
tig00000008	LT603681.1	93.578	218	14	0	24304	24521	33917	33700	1.78e-82	326
tig00000008	AP026640.1	93.578	218	14	0	24304	24521	837	620	1.78e-82	326
tig00000008	CP092375.1	93.578	218	14	0	24304	24521	17576	17359	1.78e-82	326
tig00000008	CP084186.1	93.578	218	14	0	24304	24521	1607	1824	1.78e-82	326
tig00000008	CP065762.1	93.578	218	14	0	24304	24521	1715	1498	1.78e-82	326
tig00000008	CP072593.1	93.578	218	14	0	24304	24521	941	1158	1.78e-82	326
tig00000008	CP072585.1	93.578	218	14	0	24304	24521	369	152	1.78e-82	326
tig00000008	CP071968.1	93.578	218	14	0	24304	24521	534	317	1.78e-82	326
tig00000008	CP044327.1	93.578	218	14	0	24304	24521	1144	1361	1.78e-82	326
tig00000008	CP059822.1	93.578	218	14	0	24304	24521	1723	1940	1.78e-82	326
tig00000008	CP059815.1	93.578	218	14	0	24304	24521	1109	1326	1.78e-82	326
tig00000008	CP059762.1	93.578	218	14	0	24304	24521	448	231	1.78e-82	326
tig00000008	CP059754.1	93.578	218	14	0	24304	24521	1740	1523	1.78e-82	326
tig00000008	CP059746.1	93.578	218	14	0	24304	24521	1623	1840	1.78e-82	326
tig00000008	CP040744.1	93.119	218	15	0	24304	24521	791	574	8.26e-81	320
tig00000008	CP040707.1	93.119	218	15	0	24304	24521	1524	1307	8.26e-81	320
tig00000008	LR135234.1	93.119	218	15	0	24304	24521	397	180	8.26e-81	320
tig00000008	LR135427.1	93.119	218	15	0	24304	24521	90	307	8.26e-81	320
tig00000008	LT598667.1	93.119	218	15	0	24304	24521	17025	16808	8.26e-81	320
tig00000008	CP011830.1	93.119	218	15	0	24304	24521	10806	11023	8.26e-81	320
tig00000008	CP058895.1	93.119	218	15	0	24304	24521	202858	202641	8.26e-81	320
tig00000008	CP058895.1	95.349	86	4	0	14012	14097	165005	165090	8.93e-26	137
tig00000008	CP094235.1	93.119	218	15	0	24304	24521	931	714	8.26e-81	320
tig00000008	CP093952.1	93.119	218	15	0	24304	24521	1150	1367	8.26e-81	320
tig00000008	CP093956.1	93.119	218	15	0	24304	24521	1151	1368	8.26e-81	320
tig00000008	CP085916.1	93.119	218	15	0	24304	24521	290	73	8.26e-81	320
tig00000008	CP085904.1	93.119	218	15	0	24304	24521	990	1207	8.26e-81	320
tig00000008	CP083477.1	93.119	218	15	0	24304	24521	1150	1367	8.26e-81	320
tig00000008	CP082267.1	93.897	213	12	1	24310	24521	579737	579949	8.26e-81	320
tig00000008	CP075610.1	93.119	218	15	0	24304	24521	1387	1604	8.26e-81	320
tig00000008	CP072717.1	93.119	218	15	0	24304	24521	416	633	8.26e-81	320
tig00000008	CP071929.1	93.119	218	15	0	24304	24521	11665	11882	8.26e-81	320
tig00000008	CP062275.1	93.119	218	15	0	24304	24521	416	633	8.26e-81	320
tig00000008	CP059803.1	93.119	218	15	0	24304	24521	416	633	8.26e-81	320
tig00000008	AP026616.1	92.661	218	16	0	24304	24521	813	1030	3.84e-79	315
tig00000008	CP019994.1	92.661	218	14	2	24304	24521	2517	2302	1.38e-78	313
tig00000008	CP104764.1	94.554	202	11	0	24320	24521	2226359	2226158	1.38e-78	313
tig00000008	CP104764.1	92.090	177	13	1	24103	24279	2226530	2226355	3.95e-59	248
tig00000008	CP104392.1	94.554	202	11	0	24320	24521	2246322	2246121	1.38e-78	313
tig00000008	CP104392.1	92.090	177	13	1	24103	24279	2246493	2246318	3.95e-59	248
tig00000008	CP091240.1	94.554	202	11	0	24320	24521	1947205	1947004	1.38e-78	313
tig00000008	CP091240.1	91.525	177	14	1	24103	24279	1947376	1947201	1.84e-57	243
tig00000008	CP097059.1	94.554	202	11	0	24320	24521	1931394	1931193	1.38e-78	313
tig00000008	CP097059.1	91.525	177	14	1	24103	24279	1931565	1931390	1.84e-57	243
tig00000008	CP097030.1	94.554	202	11	0	24320	24521	1899537	1899336	1.38e-78	313
tig00000008	CP097030.1	91.525	177	14	1	24103	24279	1899708	1899533	1.84e-57	243
tig00000008	CP097048.1	94.554	202	11	0	24320	24521	1957192	1956991	1.38e-78	313
tig00000008	CP097048.1	91.525	177	14	1	24103	24279	1957363	1957188	1.84e-57	243
tig00000008	CP066398.1	93.532	201	12	1	24321	24521	2	201	3.87e-74	298
tig00000008	CP059792.1	92.513	187	14	0	24304	24490	1870	2056	3.03e-65	268
tig00000008	CP059792.1	100.000	31	0	0	24491	24521	1	31	0.072	58.4
tig00000008	LR962501.1	72.897	749	179	17	16096	16832	2730178	2729442	8.56e-56	237
tig00000008	MK285062.1	75.579	475	108	8	12418	12888	33001	33471	5.15e-53	228
tig00000008	MK285060.1	75.810	463	104	8	12430	12888	15842	15384	5.15e-53	228
tig00000008	CP075997.1	75.579	475	108	8	12418	12888	3443	3913	5.15e-53	228
tig00000008	CP075982.1	75.579	475	108	8	12418	12888	36960	37430	5.15e-53	228
tig00000008	CP075974.1	75.579	475	108	8	12418	12888	45270	45740	5.15e-53	228
tig00000008	CP075971.1	75.579	475	108	8	12418	12888	20668	21138	5.15e-53	228
tig00000008	CP075942.1	75.579	475	108	8	12418	12888	28342	28812	5.15e-53	228
tig00000008	CP075913.1	75.579	475	108	8	12418	12888	68165	68635	5.15e-53	228
tig00000008	CP075910.1	75.579	475	108	8	12418	12888	49235	49705	5.15e-53	228
tig00000008	JQ655732.1	74.717	530	124	10	12364	12888	23245	23769	5.15e-53	228
tig00000008	DQ338472.1	75.579	475	108	8	12418	12888	9467	9937	5.15e-53	228
tig00000008	AB236336.1	75.579	475	108	8	12418	12888	20857	21327	5.15e-53	228
tig00000008	CP075933.1	75.594	463	105	8	12430	12888	40960	40502	2.40e-51	222
tig00000008	MG456816.1	75.262	477	106	11	12418	12888	65514	65984	1.11e-49	217
tig00000008	CP013040.1	75.262	477	106	11	12418	12888	24331	24801	1.11e-49	217
tig00000008	CP018129.1	91.667	108	9	0	14032	14139	222278	222171	1.15e-29	150
tig00000008	CP018129.1	96.512	86	3	0	11325	11410	86	1	1.92e-27	143
tig00000008	CP043866.1	95.349	86	4	0	14012	14097	25513	25598	8.93e-26	137
tig00000008	CP046076.1	95.349	86	4	0	14012	14097	25932	26017	8.93e-26	137
tig00000008	CP040741.1	95.349	86	4	0	14012	14097	31882	31967	8.93e-26	137
tig00000008	CP035649.1	95.349	86	4	0	14012	14097	30505	30590	8.93e-26	137
tig00000008	CP035655.1	95.349	86	4	0	14012	14097	30504	30589	8.93e-26	137
tig00000008	CP035661.1	95.349	86	4	0	14012	14097	30504	30589	8.93e-26	137
tig00000008	CP035667.1	95.349	86	4	0	14012	14097	30504	30589	8.93e-26	137
tig00000008	CP040369.1	95.349	86	4	0	14012	14097	28994	29079	8.93e-26	137
tig00000008	CP036152.1	95.349	86	4	0	14012	14097	29698	29783	8.93e-26	137
tig00000008	CP035221.1	95.349	86	4	0	14012	14097	115006	115091	8.93e-26	137
tig00000008	LR135386.1	95.349	86	4	0	14012	14097	32750	32835	8.93e-26	137
tig00000008	LR135385.1	95.349	86	4	0	14012	14097	27547	27632	8.93e-26	137
tig00000008	LR135358.1	95.349	86	4	0	14012	14097	28659	28744	8.93e-26	137
tig00000008	LR135352.1	95.349	86	4	0	14012	14097	28659	28744	8.93e-26	137
tig00000008	LR135289.1	95.349	86	4	0	14012	14097	35200	35285	8.93e-26	137
tig00000008	LR135272.1	95.349	86	4	0	14012	14097	31644	31559	8.93e-26	137
tig00000008	LR135204.1	95.349	86	4	0	14012	14097	24285	24370	8.93e-26	137
tig00000008	LR135476.1	95.349	86	4	0	14012	14097	30505	30590	8.93e-26	137
tig00000008	CP020485.1	95.349	86	4	0	14012	14097	124753	124838	8.93e-26	137
tig00000008	CP027518.1	95.349	86	4	0	14012	14097	28659	28744	8.93e-26	137
tig00000008	CP027508.1	95.349	86	4	0	14012	14097	27252	27337	8.93e-26	137
tig00000008	CP027499.1	95.349	86	4	0	14012	14097	29124	29209	8.93e-26	137
tig00000008	CP025426.1	95.349	86	4	0	14012	14097	193048	192963	8.93e-26	137
tig00000008	CP023425.1	95.349	86	4	0	14012	14097	31242	31327	8.93e-26	137
tig00000008	CP023424.1	95.349	86	4	0	14012	14097	27336	27421	8.93e-26	137
tig00000008	CP019974.1	95.349	86	4	0	14012	14097	22004	21919	8.93e-26	137
tig00000008	CP016165.1	95.349	86	4	0	14012	14097	11366	11451	8.93e-26	137
tig00000008	CP016164.1	95.349	86	4	0	14012	14097	2208	2293	8.93e-26	137
tig00000008	CP012468.1	95.349	86	4	0	14012	14097	31112	31027	8.93e-26	137
tig00000008	CP012467.1	95.349	86	4	0	14012	14097	1034	1119	8.93e-26	137
tig00000008	CP012432.1	95.349	86	4	0	14012	14097	2888	2973	8.93e-26	137
tig00000008	CP013995.1	95.349	86	4	0	14012	14097	330037	329952	8.93e-26	137
tig00000008	CP013995.1	94.186	86	4	1	14012	14097	265316	265232	1.49e-23	130
tig00000008	CP119151.1	95.349	86	4	0	14012	14097	188471	188556	8.93e-26	137
tig00000008	OP378687.1	95.349	86	4	0	14012	14097	24121	24206	8.93e-26	137
tig00000008	OP378683.1	95.349	86	4	0	14012	14097	39584	39499	8.93e-26	137
tig00000008	OP378680.1	95.349	86	4	0	14012	14097	32823	32738	8.93e-26	137
tig00000008	OP378679.1	95.349	86	4	0	14012	14097	30342	30427	8.93e-26	137
tig00000008	OP378677.1	95.349	86	4	0	14012	14097	34572	34487	8.93e-26	137
tig00000008	OP378671.1	95.349	86	4	0	14012	14097	30342	30427	8.93e-26	137
tig00000008	CP112863.1	95.349	86	4	0	14012	14097	30342	30427	8.93e-26	137
tig00000008	KP342511.1	95.349	86	4	0	14012	14097	43046	43131	8.93e-26	137
tig00000008	AP026651.1	95.349	86	4	0	14012	14097	41982	42067	8.93e-26	137
tig00000008	AP026644.1	95.349	86	4	0	14012	14097	30946	30861	8.93e-26	137
tig00000008	AP026620.1	95.349	86	4	0	14012	14097	51909	51824	8.93e-26	137
tig00000008	CP096212.1	95.349	86	4	0	14012	14097	203758	203673	8.93e-26	137
tig00000008	CP063594.1	95.349	86	4	0	14012	14097	30502	30587	8.93e-26	137
tig00000008	CP063569.1	95.349	86	4	0	14012	14097	28659	28744	8.93e-26	137
tig00000008	CP063649.1	95.349	86	4	0	14012	14097	28658	28743	8.93e-26	137
tig00000008	CP063286.1	95.349	86	4	0	14012	14097	29459	29544	8.93e-26	137
tig00000008	CP094231.1	95.349	86	4	0	14012	14097	137949	137864	8.93e-26	137
tig00000008	CP091578.1	95.349	86	4	0	14012	14097	43236	43321	8.93e-26	137
tig00000008	CP089321.1	95.349	86	4	0	14012	14097	24228	24313	8.93e-26	137
tig00000008	CP089320.1	95.349	86	4	0	14012	14097	30340	30425	8.93e-26	137
tig00000008	CP085907.1	95.349	86	4	0	14012	14097	29330	29415	8.93e-26	137
tig00000008	CP085895.1	95.349	86	4	0	14012	14097	29330	29415	8.93e-26	137
tig00000008	CP083921.1	95.349	86	4	0	14012	14097	28659	28744	8.93e-26	137
tig00000008	CP083913.1	95.349	86	4	0	14012	14097	28659	28744	8.93e-26	137
tig00000008	AP024839.1	95.349	86	4	0	14012	14097	10903	10818	8.93e-26	137
tig00000008	AP024833.1	95.349	86	4	0	14012	14097	32410	32325	8.93e-26	137
tig00000008	CP065778.1	95.349	86	4	0	14012	14097	24052	24137	8.93e-26	137
tig00000008	OU016037.1	95.349	86	4	0	14012	14097	28659	28744	8.93e-26	137
tig00000008	OU016028.1	95.349	86	4	0	14012	14097	28659	28744	8.93e-26	137
tig00000008	OU015947.1	95.349	86	4	0	14012	14097	28659	28744	8.93e-26	137
tig00000008	CP064447.1	95.349	86	4	0	14012	14097	21926	22011	8.93e-26	137
tig00000008	CP064444.1	95.349	86	4	0	14012	14097	26685	26770	8.93e-26	137
tig00000008	CP064425.1	95.349	86	4	0	14012	14097	28684	28769	8.93e-26	137
tig00000008	CP072568.1	95.349	86	4	0	14012	14097	24542	24627	8.93e-26	137
tig00000008	CP071959.1	95.349	86	4	0	14012	14097	29570	29655	8.93e-26	137
tig00000008	CP066733.1	95.349	86	4	0	14012	14097	54357	54272	8.93e-26	137
tig00000008	CP066731.1	95.349	86	4	0	14012	14097	28659	28744	8.93e-26	137
tig00000008	CP066624.1	95.349	86	4	0	14012	14097	22175	22260	8.93e-26	137
tig00000008	CP066623.1	95.349	86	4	0	14012	14097	24120	24205	8.93e-26	137
tig00000008	CP066640.1	95.349	86	4	0	14012	14097	46913	46828	8.93e-26	137
tig00000008	CP066631.1	95.349	86	4	0	14012	14097	4372	4287	8.93e-26	137
tig00000008	CP066630.1	95.349	86	4	0	14012	14097	25981	26066	8.93e-26	137
tig00000008	CP066648.1	95.349	86	4	0	14012	14097	81097	81012	8.93e-26	137
tig00000008	CP066647.1	95.349	86	4	0	14012	14097	36114	36029	8.93e-26	137
tig00000008	CP066609.1	95.349	86	4	0	14012	14097	42366	42451	8.93e-26	137
tig00000008	CP066608.1	95.349	86	4	0	14012	14097	21764	21849	8.93e-26	137
tig00000008	CP066616.1	95.349	86	4	0	14012	14097	27072	26987	8.93e-26	137
tig00000008	CP066615.1	95.349	86	4	0	14012	14097	24120	24205	8.93e-26	137
tig00000008	CP066593.1	95.349	86	4	0	14012	14097	37620	37705	8.93e-26	137
tig00000008	CP066592.1	95.349	86	4	0	14012	14097	24120	24205	8.93e-26	137
tig00000008	CP066600.1	95.349	86	4	0	14012	14097	28659	28744	8.93e-26	137
tig00000008	CP066587.1	95.349	86	4	0	14012	14097	41275	41360	8.93e-26	137
tig00000008	CP066585.1	95.349	86	4	0	14012	14097	179629	179714	8.93e-26	137
tig00000008	CP066482.1	95.349	86	4	0	14012	14097	49138	49223	8.93e-26	137
tig00000008	CP066481.1	95.349	86	4	0	14012	14097	24120	24205	8.93e-26	137
tig00000008	CP066430.1	95.349	86	4	0	14012	14097	54806	54891	8.93e-26	137
tig00000008	CP066428.1	95.349	86	4	0	14012	14097	186882	186967	8.93e-26	137
tig00000008	CP066411.1	95.349	86	4	0	14012	14097	53274	53359	8.93e-26	137
tig00000008	CP066410.1	95.349	86	4	0	14012	14097	19673	19758	8.93e-26	137
tig00000008	CP066404.1	95.349	86	4	0	14012	14097	55143	55228	8.93e-26	137
tig00000008	CP066445.1	95.349	86	4	0	14012	14097	26911	26996	8.93e-26	137
tig00000008	CP066444.1	95.349	86	4	0	14012	14097	28659	28744	8.93e-26	137
tig00000008	CP066384.1	95.349	86	4	0	14012	14097	42023	42108	8.93e-26	137
tig00000008	CP066382.1	95.349	86	4	0	14012	14097	30505	30590	8.93e-26	137
tig00000008	CP066453.1	95.349	86	4	0	14012	14097	9966	9881	8.93e-26	137
tig00000008	CP066437.1	95.349	86	4	0	14012	14097	34115	34200	8.93e-26	137
tig00000008	CP066417.1	95.349	86	4	0	14012	14097	178592	178507	8.93e-26	137
tig00000008	CP066416.1	95.349	86	4	0	14012	14097	36115	36030	8.93e-26	137
tig00000008	CP066468.1	95.349	86	4	0	14012	14097	19384	19469	8.93e-26	137
tig00000008	CP066467.1	95.349	86	4	0	14012	14097	35827	35742	8.93e-26	137
tig00000008	CP065549.1	95.349	86	4	0	14012	14097	198332	198417	8.93e-26	137
tig00000008	CP065548.1	95.349	86	4	0	14012	14097	20149	20234	8.93e-26	137
tig00000008	CP065524.1	95.349	86	4	0	14012	14097	17235	17320	8.93e-26	137
tig00000008	CP065524.1	95.349	86	4	0	14012	14097	75919	76004	8.93e-26	137
tig00000008	CP064290.1	95.349	86	4	0	14012	14097	22830	22915	8.93e-26	137
tig00000008	CP064051.1	95.349	86	4	0	14012	14097	29124	29209	8.93e-26	137
tig00000008	CP060863.1	95.349	86	4	0	14012	14097	28659	28744	8.93e-26	137
tig00000008	CP060859.1	95.349	86	4	0	14012	14097	28659	28744	8.93e-26	137
tig00000008	CP059765.1	95.349	86	4	0	14012	14097	30250	30335	8.93e-26	137
tig00000008	CP059756.1	95.349	86	4	0	14012	14097	30250	30335	8.93e-26	137
tig00000008	CP059773.1	95.349	86	4	0	14012	14097	24542	24627	8.93e-26	137
tig00000008	CP065525.1	94.253	87	4	1	14012	14097	129544	129458	4.15e-24	132
tig00000008	GQ873583.1	93.258	89	6	0	14014	14102	586	498	4.15e-24	132
tig00000008	CP064427.1	94.186	86	4	1	14012	14097	51011	50927	1.49e-23	130
tig00000008	LR594036.1	92.941	85	6	0	14014	14098	1102121	1102037	6.95e-22	124
tig00000008	LR216017.1	92.941	85	6	0	14014	14098	938928	939012	6.95e-22	124
tig00000008	CP030124.1	92.941	85	6	0	14014	14098	977053	976969	6.95e-22	124
tig00000008	CP030124.1	92.941	85	6	0	14014	14098	1054633	1054549	6.95e-22	124
tig00000008	LT671674.1	92.941	85	6	0	14014	14098	1170015	1170099	6.95e-22	124
tig00000008	CP017142.1	92.941	85	6	0	14014	14098	888713	888797	6.95e-22	124
tig00000008	CP015557.1	92.941	85	6	0	14014	14098	912293	912377	6.95e-22	124
tig00000008	CP014264.1	92.941	85	6	0	14014	14098	957445	957529	6.95e-22	124
tig00000008	CP110141.1	92.941	85	6	0	14014	14098	1144443	1144527	6.95e-22	124
tig00000008	CP007593.1	92.941	85	6	0	14014	14098	620451	620535	6.95e-22	124
tig00000008	CP007593.1	92.941	85	6	0	14014	14098	996600	996684	6.95e-22	124
tig00000008	CP007593.1	92.941	85	6	0	14014	14098	1365821	1365737	6.95e-22	124
tig00000008	CP100430.1	92.941	85	6	0	14014	14098	904203	904287	6.95e-22	124
tig00000008	LK020693.1	92.941	85	6	0	14014	14098	15089	15005	6.95e-22	124
tig00000008	AP023392.1	92.941	85	6	0	14014	14098	954060	954144	6.95e-22	124
tig00000008	CP016840.1	81.579	152	22	5	2125	2273	26039	26187	8.99e-21	121
tig00000008	CP016840.1	80.921	152	23	5	2125	2273	26231	26379	4.18e-19	115
tig00000008	CP016840.1	80.921	152	23	5	2125	2273	26423	26571	4.18e-19	115
tig00000008	CP016840.1	85.859	99	8	5	2125	2220	26615	26710	1.17e-14	100
tig00000008	CP036249.1	91.765	85	7	0	14014	14098	389371	389455	3.23e-20	119
tig00000008	CP036248.1	91.765	85	7	0	14014	14098	72187	72103	3.23e-20	119
tig00000008	CP041739.1	91.765	85	7	0	14014	14098	7794	7878	3.23e-20	119
tig00000008	CP041738.1	91.765	85	7	0	14014	14098	425646	425730	3.23e-20	119
